code,predicted_pm2.5,geometry
0,7.083959635, -0.1465312673602718 51.479718567881626_ -0.1465312673602718 51.48151721109346_ -0.1494204406242446 51.48151721109346_ -0.1494204406242446 51.479718567881626_ -0.1465312673602718 51.479718567881626
1,6.741984973, -0.1465312673602718 51.48151721109346_ -0.1465312673602718 51.4833158543053_ -0.1494204406242446 51.4833158543053_ -0.1494204406242446 51.48151721109346_ -0.1465312673602718 51.48151721109346
2,7.55565585, -0.1465312673602718 51.4833158543053_ -0.1465312673602718 51.48511449751714_ -0.1494204406242446 51.48511449751714_ -0.1494204406242446 51.4833158543053_ -0.1465312673602718 51.4833158543053
3,7.449796643, -0.1465312673602718 51.48511449751714_ -0.1465312673602718 51.48691314072898_ -0.1494204406242446 51.48691314072898_ -0.1494204406242446 51.48511449751714_ -0.1465312673602718 51.48511449751714
4,8.058538504, -0.1465312673602718 51.48691314072898_ -0.1465312673602718 51.488711783940815_ -0.1494204406242446 51.488711783940815_ -0.1494204406242446 51.48691314072898_ -0.1465312673602718 51.48691314072898
5,7.350165152, -0.1465312673602718 51.488711783940815_ -0.1465312673602718 51.49051042715265_ -0.1494204406242446 51.49051042715265_ -0.1494204406242446 51.488711783940815_ -0.1465312673602718 51.488711783940815
6,7.137772984, -0.1465312673602718 51.49051042715265_ -0.1465312673602718 51.49230907036449_ -0.1494204406242446 51.49230907036449_ -0.1494204406242446 51.49051042715265_ -0.1465312673602718 51.49051042715265
7,7.61834395, -0.1465312673602718 51.49230907036449_ -0.1465312673602718 51.49410771357633_ -0.1494204406242446 51.49410771357633_ -0.1494204406242446 51.49230907036449_ -0.1465312673602718 51.49230907036449
8,7.448588905, -0.1465312673602718 51.49410771357633_ -0.1465312673602718 51.49590635678817_ -0.1494204406242446 51.49590635678817_ -0.1494204406242446 51.49410771357633_ -0.1465312673602718 51.49410771357633
9,8.174337054, -0.1465312673602718 51.49590635678817_ -0.1465312673602718 51.497705_ -0.1494204406242446 51.497705_ -0.1494204406242446 51.49590635678817_ -0.1465312673602718 51.49590635678817
10,8.940986541, -0.1465312673602718 51.497705_ -0.1465312673602718 51.49950364321184_ -0.1494204406242446 51.49950364321184_ -0.1494204406242446 51.497705_ -0.1465312673602718 51.497705
11,8.427915955, -0.1465312673602718 51.49950364321184_ -0.1465312673602718 51.50130228642368_ -0.1494204406242446 51.50130228642368_ -0.1494204406242446 51.49950364321184_ -0.1465312673602718 51.49950364321184
12,8.207091136, -0.1465312673602718 51.50130228642368_ -0.1465312673602718 51.503100929635515_ -0.1494204406242446 51.503100929635515_ -0.1494204406242446 51.50130228642368_ -0.1465312673602718 51.50130228642368
13,7.285804092, -0.1465312673602718 51.503100929635515_ -0.1465312673602718 51.50489957284736_ -0.1494204406242446 51.50489957284736_ -0.1494204406242446 51.503100929635515_ -0.1465312673602718 51.503100929635515
14,7.6264011, -0.1465312673602718 51.50489957284736_ -0.1465312673602718 51.50669821605919_ -0.1494204406242446 51.50669821605919_ -0.1494204406242446 51.50489957284736_ -0.1465312673602718 51.50489957284736
15,7.492920414, -0.1465312673602718 51.50669821605919_ -0.1465312673602718 51.50849685927103_ -0.1494204406242446 51.50849685927103_ -0.1494204406242446 51.50669821605919_ -0.1465312673602718 51.50669821605919
16,7.714825142, -0.1465312673602718 51.50849685927103_ -0.1465312673602718 51.51029550248287_ -0.1494204406242446 51.51029550248287_ -0.1494204406242446 51.50849685927103_ -0.1465312673602718 51.50849685927103
17,7.263414218, -0.1465312673602718 51.51029550248287_ -0.1465312673602718 51.512094145694704_ -0.1494204406242446 51.512094145694704_ -0.1494204406242446 51.51029550248287_ -0.1465312673602718 51.51029550248287
18,6.901573379, -0.1465312673602718 51.512094145694704_ -0.1465312673602718 51.513892788906546_ -0.1494204406242446 51.513892788906546_ -0.1494204406242446 51.512094145694704_ -0.1465312673602718 51.512094145694704
19,8.548537618, -0.1465312673602718 51.513892788906546_ -0.1465312673602718 51.51569143211838_ -0.1494204406242446 51.51569143211838_ -0.1494204406242446 51.513892788906546_ -0.1465312673602718 51.513892788906546
20,7.672502749, -0.1494204406242446 51.479718567881626_ -0.1494204406242446 51.48151721109346_ -0.1523096138882174 51.48151721109346_ -0.1523096138882174 51.479718567881626_ -0.1494204406242446 51.479718567881626
21,7.655921642, -0.1494204406242446 51.48151721109346_ -0.1494204406242446 51.4833158543053_ -0.1523096138882174 51.4833158543053_ -0.1523096138882174 51.48151721109346_ -0.1494204406242446 51.48151721109346
22,6.754765408, -0.1494204406242446 51.4833158543053_ -0.1494204406242446 51.48511449751714_ -0.1523096138882174 51.48511449751714_ -0.1523096138882174 51.4833158543053_ -0.1494204406242446 51.4833158543053
23,9.74076563, -0.1494204406242446 51.48511449751714_ -0.1494204406242446 51.48691314072898_ -0.1523096138882174 51.48691314072898_ -0.1523096138882174 51.48511449751714_ -0.1494204406242446 51.48511449751714
24,9.108755816, -0.1494204406242446 51.48691314072898_ -0.1494204406242446 51.488711783940815_ -0.1523096138882174 51.488711783940815_ -0.1523096138882174 51.48691314072898_ -0.1494204406242446 51.48691314072898
25,8.884011452, -0.1494204406242446 51.488711783940815_ -0.1494204406242446 51.49051042715265_ -0.1523096138882174 51.49051042715265_ -0.1523096138882174 51.488711783940815_ -0.1494204406242446 51.488711783940815
26,11.15665357, -0.1494204406242446 51.49051042715265_ -0.1494204406242446 51.49230907036449_ -0.1523096138882174 51.49230907036449_ -0.1523096138882174 51.49051042715265_ -0.1494204406242446 51.49051042715265
27,7.35095998, -0.1494204406242446 51.49230907036449_ -0.1494204406242446 51.49410771357633_ -0.1523096138882174 51.49410771357633_ -0.1523096138882174 51.49230907036449_ -0.1494204406242446 51.49230907036449
28,7.436319794, -0.1494204406242446 51.49410771357633_ -0.1494204406242446 51.49590635678817_ -0.1523096138882174 51.49590635678817_ -0.1523096138882174 51.49410771357633_ -0.1494204406242446 51.49410771357633
29,8.648131865, -0.1494204406242446 51.49590635678817_ -0.1494204406242446 51.497705_ -0.1523096138882174 51.497705_ -0.1523096138882174 51.49590635678817_ -0.1494204406242446 51.49590635678817
30,8.246845976, -0.1494204406242446 51.497705_ -0.1494204406242446 51.49950364321184_ -0.1523096138882174 51.49950364321184_ -0.1523096138882174 51.497705_ -0.1494204406242446 51.497705
31,7.651680644, -0.1494204406242446 51.49950364321184_ -0.1494204406242446 51.50130228642368_ -0.1523096138882174 51.50130228642368_ -0.1523096138882174 51.49950364321184_ -0.1494204406242446 51.49950364321184
32,7.603303209, -0.1494204406242446 51.50130228642368_ -0.1494204406242446 51.503100929635515_ -0.1523096138882174 51.503100929635515_ -0.1523096138882174 51.50130228642368_ -0.1494204406242446 51.50130228642368
33,7.42179638, -0.1494204406242446 51.503100929635515_ -0.1494204406242446 51.50489957284736_ -0.1523096138882174 51.50489957284736_ -0.1523096138882174 51.503100929635515_ -0.1494204406242446 51.503100929635515
34,7.235307148, -0.1494204406242446 51.50489957284736_ -0.1494204406242446 51.50669821605919_ -0.1523096138882174 51.50669821605919_ -0.1523096138882174 51.50489957284736_ -0.1494204406242446 51.50489957284736
35,7.357998516, -0.1494204406242446 51.50669821605919_ -0.1494204406242446 51.50849685927103_ -0.1523096138882174 51.50849685927103_ -0.1523096138882174 51.50669821605919_ -0.1494204406242446 51.50669821605919
36,7.390707935, -0.1494204406242446 51.50849685927103_ -0.1494204406242446 51.51029550248287_ -0.1523096138882174 51.51029550248287_ -0.1523096138882174 51.50849685927103_ -0.1494204406242446 51.50849685927103
37,7.629933455, -0.1494204406242446 51.51029550248287_ -0.1494204406242446 51.512094145694704_ -0.1523096138882174 51.512094145694704_ -0.1523096138882174 51.51029550248287_ -0.1494204406242446 51.51029550248287
38,7.961313068, -0.1494204406242446 51.512094145694704_ -0.1494204406242446 51.513892788906546_ -0.1523096138882174 51.513892788906546_ -0.1523096138882174 51.512094145694704_ -0.1494204406242446 51.512094145694704
39,8.210912676, -0.1494204406242446 51.513892788906546_ -0.1494204406242446 51.51569143211838_ -0.1523096138882174 51.51569143211838_ -0.1523096138882174 51.513892788906546_ -0.1494204406242446 51.513892788906546
40,8.164294283, -0.1523096138882174 51.479718567881626_ -0.1523096138882174 51.48151721109346_ -0.1551987871521903 51.48151721109346_ -0.1551987871521903 51.479718567881626_ -0.1523096138882174 51.479718567881626
41,7.927935934, -0.1523096138882174 51.48151721109346_ -0.1523096138882174 51.4833158543053_ -0.1551987871521903 51.4833158543053_ -0.1551987871521903 51.48151721109346_ -0.1523096138882174 51.48151721109346
42,7.729152918, -0.1523096138882174 51.4833158543053_ -0.1523096138882174 51.48511449751714_ -0.1551987871521903 51.48511449751714_ -0.1551987871521903 51.4833158543053_ -0.1523096138882174 51.4833158543053
43,8.686568672, -0.1523096138882174 51.48511449751714_ -0.1523096138882174 51.48691314072898_ -0.1551987871521903 51.48691314072898_ -0.1551987871521903 51.48511449751714_ -0.1523096138882174 51.48511449751714
44,8.040828863, -0.1523096138882174 51.48691314072898_ -0.1523096138882174 51.488711783940815_ -0.1551987871521903 51.488711783940815_ -0.1551987871521903 51.48691314072898_ -0.1523096138882174 51.48691314072898
45,7.398301036, -0.1523096138882174 51.488711783940815_ -0.1523096138882174 51.49051042715265_ -0.1551987871521903 51.49051042715265_ -0.1551987871521903 51.488711783940815_ -0.1523096138882174 51.488711783940815
46,7.788274678, -0.1523096138882174 51.49051042715265_ -0.1523096138882174 51.49230907036449_ -0.1551987871521903 51.49230907036449_ -0.1551987871521903 51.49051042715265_ -0.1523096138882174 51.49051042715265
47,7.431483998, -0.1523096138882174 51.49230907036449_ -0.1523096138882174 51.49410771357633_ -0.1551987871521903 51.49410771357633_ -0.1551987871521903 51.49230907036449_ -0.1523096138882174 51.49230907036449
48,8.095872012, -0.1523096138882174 51.49410771357633_ -0.1523096138882174 51.49590635678817_ -0.1551987871521903 51.49590635678817_ -0.1551987871521903 51.49410771357633_ -0.1523096138882174 51.49410771357633
49,8.720726637, -0.1523096138882174 51.49590635678817_ -0.1523096138882174 51.497705_ -0.1551987871521903 51.497705_ -0.1551987871521903 51.49590635678817_ -0.1523096138882174 51.49590635678817
50,8.948043876, -0.1523096138882174 51.497705_ -0.1523096138882174 51.49950364321184_ -0.1551987871521903 51.49950364321184_ -0.1551987871521903 51.497705_ -0.1523096138882174 51.497705
51,8.974673081, -0.1523096138882174 51.49950364321184_ -0.1523096138882174 51.50130228642368_ -0.1551987871521903 51.50130228642368_ -0.1551987871521903 51.49950364321184_ -0.1523096138882174 51.49950364321184
52,7.693018497, -0.1523096138882174 51.50130228642368_ -0.1523096138882174 51.503100929635515_ -0.1551987871521903 51.503100929635515_ -0.1551987871521903 51.50130228642368_ -0.1523096138882174 51.50130228642368
53,7.8136497, -0.1523096138882174 51.503100929635515_ -0.1523096138882174 51.50489957284736_ -0.1551987871521903 51.50489957284736_ -0.1551987871521903 51.503100929635515_ -0.1523096138882174 51.503100929635515
54,8.301877275, -0.1523096138882174 51.50489957284736_ -0.1523096138882174 51.50669821605919_ -0.1551987871521903 51.50669821605919_ -0.1551987871521903 51.50489957284736_ -0.1523096138882174 51.50489957284736
55,8.592517878, -0.1523096138882174 51.50669821605919_ -0.1523096138882174 51.50849685927103_ -0.1551987871521903 51.50849685927103_ -0.1551987871521903 51.50669821605919_ -0.1523096138882174 51.50669821605919
56,8.294676529, -0.1523096138882174 51.50849685927103_ -0.1523096138882174 51.51029550248287_ -0.1551987871521903 51.51029550248287_ -0.1551987871521903 51.50849685927103_ -0.1523096138882174 51.50849685927103
57,8.729227829, -0.1523096138882174 51.51029550248287_ -0.1523096138882174 51.512094145694704_ -0.1551987871521903 51.512094145694704_ -0.1551987871521903 51.51029550248287_ -0.1523096138882174 51.51029550248287
58,7.068315459, -0.1523096138882174 51.512094145694704_ -0.1523096138882174 51.513892788906546_ -0.1551987871521903 51.513892788906546_ -0.1551987871521903 51.512094145694704_ -0.1523096138882174 51.512094145694704
59,7.458095611, -0.1523096138882174 51.513892788906546_ -0.1523096138882174 51.51569143211838_ -0.1551987871521903 51.51569143211838_ -0.1551987871521903 51.513892788906546_ -0.1523096138882174 51.513892788906546
60,7.385321731, -0.1551987871521903 51.479718567881626_ -0.1551987871521903 51.48151721109346_ -0.1580879604161631 51.48151721109346_ -0.1580879604161631 51.479718567881626_ -0.1551987871521903 51.479718567881626
61,7.682323975, -0.1551987871521903 51.48151721109346_ -0.1551987871521903 51.4833158543053_ -0.1580879604161631 51.4833158543053_ -0.1580879604161631 51.48151721109346_ -0.1551987871521903 51.48151721109346
62,7.458622396, -0.1551987871521903 51.4833158543053_ -0.1551987871521903 51.48511449751714_ -0.1580879604161631 51.48511449751714_ -0.1580879604161631 51.4833158543053_ -0.1551987871521903 51.4833158543053
63,8.297624692, -0.1551987871521903 51.48511449751714_ -0.1551987871521903 51.48691314072898_ -0.1580879604161631 51.48691314072898_ -0.1580879604161631 51.48511449751714_ -0.1551987871521903 51.48511449751714
64,8.502114669, -0.1551987871521903 51.48691314072898_ -0.1551987871521903 51.488711783940815_ -0.1580879604161631 51.488711783940815_ -0.1580879604161631 51.48691314072898_ -0.1551987871521903 51.48691314072898
65,7.715444871, -0.1551987871521903 51.488711783940815_ -0.1551987871521903 51.49051042715265_ -0.1580879604161631 51.49051042715265_ -0.1580879604161631 51.488711783940815_ -0.1551987871521903 51.488711783940815
66,7.576069821, -0.1551987871521903 51.49051042715265_ -0.1551987871521903 51.49230907036449_ -0.1580879604161631 51.49230907036449_ -0.1580879604161631 51.49051042715265_ -0.1551987871521903 51.49051042715265
67,8.294288186, -0.1551987871521903 51.49230907036449_ -0.1551987871521903 51.49410771357633_ -0.1580879604161631 51.49410771357633_ -0.1580879604161631 51.49230907036449_ -0.1551987871521903 51.49230907036449
68,7.591651076, -0.1551987871521903 51.49410771357633_ -0.1551987871521903 51.49590635678817_ -0.1580879604161631 51.49590635678817_ -0.1580879604161631 51.49410771357633_ -0.1551987871521903 51.49410771357633
69,7.920075475, -0.1551987871521903 51.49590635678817_ -0.1551987871521903 51.497705_ -0.1580879604161631 51.497705_ -0.1580879604161631 51.49590635678817_ -0.1551987871521903 51.49590635678817
70,7.659578662, -0.1551987871521903 51.497705_ -0.1551987871521903 51.49950364321184_ -0.1580879604161631 51.49950364321184_ -0.1580879604161631 51.497705_ -0.1551987871521903 51.497705
71,7.655646772, -0.1551987871521903 51.49950364321184_ -0.1551987871521903 51.50130228642368_ -0.1580879604161631 51.50130228642368_ -0.1580879604161631 51.49950364321184_ -0.1551987871521903 51.49950364321184
72,7.722831503, -0.1551987871521903 51.50130228642368_ -0.1551987871521903 51.503100929635515_ -0.1580879604161631 51.503100929635515_ -0.1580879604161631 51.50130228642368_ -0.1551987871521903 51.50130228642368
73,7.512463515, -0.1551987871521903 51.503100929635515_ -0.1551987871521903 51.50489957284736_ -0.1580879604161631 51.50489957284736_ -0.1580879604161631 51.503100929635515_ -0.1551987871521903 51.503100929635515
74,8.201489997, -0.1551987871521903 51.50489957284736_ -0.1551987871521903 51.50669821605919_ -0.1580879604161631 51.50669821605919_ -0.1580879604161631 51.50489957284736_ -0.1551987871521903 51.50489957284736
75,7.922826265, -0.1551987871521903 51.50669821605919_ -0.1551987871521903 51.50849685927103_ -0.1580879604161631 51.50849685927103_ -0.1580879604161631 51.50669821605919_ -0.1551987871521903 51.50669821605919
76,7.005382767, -0.1551987871521903 51.50849685927103_ -0.1551987871521903 51.51029550248287_ -0.1580879604161631 51.51029550248287_ -0.1580879604161631 51.50849685927103_ -0.1551987871521903 51.50849685927103
77,7.406997975, -0.1551987871521903 51.51029550248287_ -0.1551987871521903 51.512094145694704_ -0.1580879604161631 51.512094145694704_ -0.1580879604161631 51.51029550248287_ -0.1551987871521903 51.51029550248287
78,6.919771714, -0.1551987871521903 51.512094145694704_ -0.1551987871521903 51.513892788906546_ -0.1580879604161631 51.513892788906546_ -0.1580879604161631 51.512094145694704_ -0.1551987871521903 51.512094145694704
79,7.996915027, -0.1551987871521903 51.513892788906546_ -0.1551987871521903 51.51569143211838_ -0.1580879604161631 51.51569143211838_ -0.1580879604161631 51.513892788906546_ -0.1551987871521903 51.513892788906546
80,7.818606076, -0.1580879604161631 51.479718567881626_ -0.1580879604161631 51.48151721109346_ -0.1609771336801359 51.48151721109346_ -0.1609771336801359 51.479718567881626_ -0.1580879604161631 51.479718567881626
81,7.413804628, -0.1580879604161631 51.48151721109346_ -0.1580879604161631 51.4833158543053_ -0.1609771336801359 51.4833158543053_ -0.1609771336801359 51.48151721109346_ -0.1580879604161631 51.48151721109346
82,7.54704356, -0.1580879604161631 51.4833158543053_ -0.1580879604161631 51.48511449751714_ -0.1609771336801359 51.48511449751714_ -0.1609771336801359 51.4833158543053_ -0.1580879604161631 51.4833158543053
83,8.637427491, -0.1580879604161631 51.48511449751714_ -0.1580879604161631 51.48691314072898_ -0.1609771336801359 51.48691314072898_ -0.1609771336801359 51.48511449751714_ -0.1580879604161631 51.48511449751714
84,8.419956712, -0.1580879604161631 51.48691314072898_ -0.1580879604161631 51.488711783940815_ -0.1609771336801359 51.488711783940815_ -0.1609771336801359 51.48691314072898_ -0.1580879604161631 51.48691314072898
85,7.366350617, -0.1580879604161631 51.488711783940815_ -0.1580879604161631 51.49051042715265_ -0.1609771336801359 51.49051042715265_ -0.1609771336801359 51.488711783940815_ -0.1580879604161631 51.488711783940815
86,7.877278552, -0.1580879604161631 51.49051042715265_ -0.1580879604161631 51.49230907036449_ -0.1609771336801359 51.49230907036449_ -0.1609771336801359 51.49051042715265_ -0.1580879604161631 51.49051042715265
87,7.269653084, -0.1580879604161631 51.49230907036449_ -0.1580879604161631 51.49410771357633_ -0.1609771336801359 51.49410771357633_ -0.1609771336801359 51.49230907036449_ -0.1580879604161631 51.49230907036449
88,7.620966996, -0.1580879604161631 51.49410771357633_ -0.1580879604161631 51.49590635678817_ -0.1609771336801359 51.49590635678817_ -0.1609771336801359 51.49410771357633_ -0.1580879604161631 51.49410771357633
89,8.364737047, -0.1580879604161631 51.49590635678817_ -0.1580879604161631 51.497705_ -0.1609771336801359 51.497705_ -0.1609771336801359 51.49590635678817_ -0.1580879604161631 51.49590635678817
90,7.736086571, -0.1580879604161631 51.497705_ -0.1580879604161631 51.49950364321184_ -0.1609771336801359 51.49950364321184_ -0.1609771336801359 51.497705_ -0.1580879604161631 51.497705
91,7.109100773, -0.1580879604161631 51.49950364321184_ -0.1580879604161631 51.50130228642368_ -0.1609771336801359 51.50130228642368_ -0.1609771336801359 51.49950364321184_ -0.1580879604161631 51.49950364321184
92,7.015522279, -0.1580879604161631 51.50130228642368_ -0.1580879604161631 51.503100929635515_ -0.1609771336801359 51.503100929635515_ -0.1609771336801359 51.50130228642368_ -0.1580879604161631 51.50130228642368
93,8.282911225, -0.1580879604161631 51.503100929635515_ -0.1580879604161631 51.50489957284736_ -0.1609771336801359 51.50489957284736_ -0.1609771336801359 51.503100929635515_ -0.1580879604161631 51.503100929635515
94,7.975901657, -0.1580879604161631 51.50489957284736_ -0.1580879604161631 51.50669821605919_ -0.1609771336801359 51.50669821605919_ -0.1609771336801359 51.50489957284736_ -0.1580879604161631 51.50489957284736
95,8.451025423, -0.1580879604161631 51.50669821605919_ -0.1580879604161631 51.50849685927103_ -0.1609771336801359 51.50849685927103_ -0.1609771336801359 51.50669821605919_ -0.1580879604161631 51.50669821605919
96,7.86582892, -0.1580879604161631 51.50849685927103_ -0.1580879604161631 51.51029550248287_ -0.1609771336801359 51.51029550248287_ -0.1609771336801359 51.50849685927103_ -0.1580879604161631 51.50849685927103
97,7.803436331, -0.1580879604161631 51.51029550248287_ -0.1580879604161631 51.512094145694704_ -0.1609771336801359 51.512094145694704_ -0.1609771336801359 51.51029550248287_ -0.1580879604161631 51.51029550248287
98,6.645859684, -0.1580879604161631 51.512094145694704_ -0.1580879604161631 51.513892788906546_ -0.1609771336801359 51.513892788906546_ -0.1609771336801359 51.512094145694704_ -0.1580879604161631 51.512094145694704
99,6.942693785, -0.1580879604161631 51.513892788906546_ -0.1580879604161631 51.51569143211838_ -0.1609771336801359 51.51569143211838_ -0.1609771336801359 51.513892788906546_ -0.1580879604161631 51.513892788906546
100,6.823562908, -0.1609771336801359 51.479718567881626_ -0.1609771336801359 51.48151721109346_ -0.1638663069441087 51.48151721109346_ -0.1638663069441087 51.479718567881626_ -0.1609771336801359 51.479718567881626
101,9.474562451, -0.1609771336801359 51.48151721109346_ -0.1609771336801359 51.4833158543053_ -0.1638663069441087 51.4833158543053_ -0.1638663069441087 51.48151721109346_ -0.1609771336801359 51.48151721109346
102,8.557946538, -0.1609771336801359 51.4833158543053_ -0.1609771336801359 51.48511449751714_ -0.1638663069441087 51.48511449751714_ -0.1638663069441087 51.4833158543053_ -0.1609771336801359 51.4833158543053
103,7.360194624, -0.1609771336801359 51.48511449751714_ -0.1609771336801359 51.48691314072898_ -0.1638663069441087 51.48691314072898_ -0.1638663069441087 51.48511449751714_ -0.1609771336801359 51.48511449751714
104,7.662177248, -0.1609771336801359 51.48691314072898_ -0.1609771336801359 51.488711783940815_ -0.1638663069441087 51.488711783940815_ -0.1638663069441087 51.48691314072898_ -0.1609771336801359 51.48691314072898
105,7.169869831, -0.1609771336801359 51.488711783940815_ -0.1609771336801359 51.49051042715265_ -0.1638663069441087 51.49051042715265_ -0.1638663069441087 51.488711783940815_ -0.1609771336801359 51.488711783940815
106,7.236869656, -0.1609771336801359 51.49051042715265_ -0.1609771336801359 51.49230907036449_ -0.1638663069441087 51.49230907036449_ -0.1638663069441087 51.49051042715265_ -0.1609771336801359 51.49051042715265
107,6.945697789, -0.1609771336801359 51.49230907036449_ -0.1609771336801359 51.49410771357633_ -0.1638663069441087 51.49410771357633_ -0.1638663069441087 51.49230907036449_ -0.1609771336801359 51.49230907036449
108,8.401293197, -0.1609771336801359 51.49410771357633_ -0.1609771336801359 51.49590635678817_ -0.1638663069441087 51.49590635678817_ -0.1638663069441087 51.49410771357633_ -0.1609771336801359 51.49410771357633
109,9.044176103, -0.1609771336801359 51.49590635678817_ -0.1609771336801359 51.497705_ -0.1638663069441087 51.497705_ -0.1638663069441087 51.49590635678817_ -0.1609771336801359 51.49590635678817
110,8.715253416, -0.1609771336801359 51.497705_ -0.1609771336801359 51.49950364321184_ -0.1638663069441087 51.49950364321184_ -0.1638663069441087 51.497705_ -0.1609771336801359 51.497705
111,7.485972695, -0.1609771336801359 51.49950364321184_ -0.1609771336801359 51.50130228642368_ -0.1638663069441087 51.50130228642368_ -0.1638663069441087 51.49950364321184_ -0.1609771336801359 51.49950364321184
112,7.515819021, -0.1609771336801359 51.50130228642368_ -0.1609771336801359 51.503100929635515_ -0.1638663069441087 51.503100929635515_ -0.1638663069441087 51.50130228642368_ -0.1609771336801359 51.50130228642368
113,8.746594193, -0.1609771336801359 51.503100929635515_ -0.1609771336801359 51.50489957284736_ -0.1638663069441087 51.50489957284736_ -0.1638663069441087 51.503100929635515_ -0.1609771336801359 51.503100929635515
114,7.705679534, -0.1609771336801359 51.50489957284736_ -0.1609771336801359 51.50669821605919_ -0.1638663069441087 51.50669821605919_ -0.1638663069441087 51.50489957284736_ -0.1609771336801359 51.50489957284736
115,7.359704105, -0.1609771336801359 51.50669821605919_ -0.1609771336801359 51.50849685927103_ -0.1638663069441087 51.50849685927103_ -0.1638663069441087 51.50669821605919_ -0.1609771336801359 51.50669821605919
116,7.225929534, -0.1609771336801359 51.50849685927103_ -0.1609771336801359 51.51029550248287_ -0.1638663069441087 51.51029550248287_ -0.1638663069441087 51.50849685927103_ -0.1609771336801359 51.50849685927103
117,7.006115521, -0.1609771336801359 51.51029550248287_ -0.1609771336801359 51.512094145694704_ -0.1638663069441087 51.512094145694704_ -0.1638663069441087 51.51029550248287_ -0.1609771336801359 51.51029550248287
118,6.727518049, -0.1609771336801359 51.512094145694704_ -0.1609771336801359 51.513892788906546_ -0.1638663069441087 51.513892788906546_ -0.1638663069441087 51.512094145694704_ -0.1609771336801359 51.512094145694704
119,6.965672816, -0.1609771336801359 51.513892788906546_ -0.1609771336801359 51.51569143211838_ -0.1638663069441087 51.51569143211838_ -0.1638663069441087 51.513892788906546_ -0.1609771336801359 51.513892788906546
120,7.358046963, -0.1638663069441087 51.479718567881626_ -0.1638663069441087 51.48151721109346_ -0.1667554802080815 51.48151721109346_ -0.1667554802080815 51.479718567881626_ -0.1638663069441087 51.479718567881626
121,10.38632126, -0.1638663069441087 51.48151721109346_ -0.1638663069441087 51.4833158543053_ -0.1667554802080815 51.4833158543053_ -0.1667554802080815 51.48151721109346_ -0.1638663069441087 51.48151721109346
122,8.847793222, -0.1638663069441087 51.4833158543053_ -0.1638663069441087 51.48511449751714_ -0.1667554802080815 51.48511449751714_ -0.1667554802080815 51.4833158543053_ -0.1638663069441087 51.4833158543053
123,7.764782154, -0.1638663069441087 51.48511449751714_ -0.1638663069441087 51.48691314072898_ -0.1667554802080815 51.48691314072898_ -0.1667554802080815 51.48511449751714_ -0.1638663069441087 51.48511449751714
124,6.910392686, -0.1638663069441087 51.48691314072898_ -0.1638663069441087 51.488711783940815_ -0.1667554802080815 51.488711783940815_ -0.1667554802080815 51.48691314072898_ -0.1638663069441087 51.48691314072898
125,7.025168111, -0.1638663069441087 51.488711783940815_ -0.1638663069441087 51.49051042715265_ -0.1667554802080815 51.49051042715265_ -0.1667554802080815 51.488711783940815_ -0.1638663069441087 51.488711783940815
126,7.740898521, -0.1638663069441087 51.49051042715265_ -0.1638663069441087 51.49230907036449_ -0.1667554802080815 51.49230907036449_ -0.1667554802080815 51.49051042715265_ -0.1638663069441087 51.49051042715265
127,7.218765198, -0.1638663069441087 51.49230907036449_ -0.1638663069441087 51.49410771357633_ -0.1667554802080815 51.49410771357633_ -0.1667554802080815 51.49230907036449_ -0.1638663069441087 51.49230907036449
128,7.720762495, -0.1638663069441087 51.49410771357633_ -0.1638663069441087 51.49590635678817_ -0.1667554802080815 51.49590635678817_ -0.1667554802080815 51.49410771357633_ -0.1638663069441087 51.49410771357633
129,7.606875491, -0.1638663069441087 51.49590635678817_ -0.1638663069441087 51.497705_ -0.1667554802080815 51.497705_ -0.1667554802080815 51.49590635678817_ -0.1638663069441087 51.49590635678817
130,7.661825536, -0.1638663069441087 51.497705_ -0.1638663069441087 51.49950364321184_ -0.1667554802080815 51.49950364321184_ -0.1667554802080815 51.497705_ -0.1638663069441087 51.497705
131,7.631422484, -0.1638663069441087 51.49950364321184_ -0.1638663069441087 51.50130228642368_ -0.1667554802080815 51.50130228642368_ -0.1667554802080815 51.49950364321184_ -0.1638663069441087 51.49950364321184
132,6.913652402, -0.1638663069441087 51.50130228642368_ -0.1638663069441087 51.503100929635515_ -0.1667554802080815 51.503100929635515_ -0.1667554802080815 51.50130228642368_ -0.1638663069441087 51.50130228642368
133,8.326824725, -0.1638663069441087 51.503100929635515_ -0.1638663069441087 51.50489957284736_ -0.1667554802080815 51.50489957284736_ -0.1667554802080815 51.503100929635515_ -0.1638663069441087 51.503100929635515
134,7.808839461, -0.1638663069441087 51.50489957284736_ -0.1638663069441087 51.50669821605919_ -0.1667554802080815 51.50669821605919_ -0.1667554802080815 51.50489957284736_ -0.1638663069441087 51.50489957284736
135,7.523289783, -0.1638663069441087 51.50669821605919_ -0.1638663069441087 51.50849685927103_ -0.1667554802080815 51.50849685927103_ -0.1667554802080815 51.50669821605919_ -0.1638663069441087 51.50669821605919
136,7.195273613, -0.1638663069441087 51.50849685927103_ -0.1638663069441087 51.51029550248287_ -0.1667554802080815 51.51029550248287_ -0.1667554802080815 51.50849685927103_ -0.1638663069441087 51.50849685927103
137,6.697068899, -0.1638663069441087 51.51029550248287_ -0.1638663069441087 51.512094145694704_ -0.1667554802080815 51.512094145694704_ -0.1667554802080815 51.51029550248287_ -0.1638663069441087 51.51029550248287
138,6.496014674, -0.1638663069441087 51.512094145694704_ -0.1638663069441087 51.513892788906546_ -0.1667554802080815 51.513892788906546_ -0.1667554802080815 51.512094145694704_ -0.1638663069441087 51.512094145694704
139,7.347118535, -0.1638663069441087 51.513892788906546_ -0.1638663069441087 51.51569143211838_ -0.1667554802080815 51.51569143211838_ -0.1667554802080815 51.513892788906546_ -0.1638663069441087 51.513892788906546
140,7.218631991, -0.1667554802080815 51.479718567881626_ -0.1667554802080815 51.48151721109346_ -0.1696446534720544 51.48151721109346_ -0.1696446534720544 51.479718567881626_ -0.1667554802080815 51.479718567881626
141,8.344037025, -0.1667554802080815 51.48151721109346_ -0.1667554802080815 51.4833158543053_ -0.1696446534720544 51.4833158543053_ -0.1696446534720544 51.48151721109346_ -0.1667554802080815 51.48151721109346
142,7.816781863, -0.1667554802080815 51.4833158543053_ -0.1667554802080815 51.48511449751714_ -0.1696446534720544 51.48511449751714_ -0.1696446534720544 51.4833158543053_ -0.1667554802080815 51.4833158543053
143,7.367050076, -0.1667554802080815 51.48511449751714_ -0.1667554802080815 51.48691314072898_ -0.1696446534720544 51.48691314072898_ -0.1696446534720544 51.48511449751714_ -0.1667554802080815 51.48511449751714
144,7.398448996, -0.1667554802080815 51.48691314072898_ -0.1667554802080815 51.488711783940815_ -0.1696446534720544 51.488711783940815_ -0.1696446534720544 51.48691314072898_ -0.1667554802080815 51.48691314072898
145,7.153304819, -0.1667554802080815 51.488711783940815_ -0.1667554802080815 51.49051042715265_ -0.1696446534720544 51.49051042715265_ -0.1696446534720544 51.488711783940815_ -0.1667554802080815 51.488711783940815
146,7.362421661, -0.1667554802080815 51.49051042715265_ -0.1667554802080815 51.49230907036449_ -0.1696446534720544 51.49230907036449_ -0.1696446534720544 51.49051042715265_ -0.1667554802080815 51.49051042715265
147,6.827363157, -0.1667554802080815 51.49230907036449_ -0.1667554802080815 51.49410771357633_ -0.1696446534720544 51.49410771357633_ -0.1696446534720544 51.49230907036449_ -0.1667554802080815 51.49230907036449
148,6.682904184, -0.1667554802080815 51.49410771357633_ -0.1667554802080815 51.49590635678817_ -0.1696446534720544 51.49590635678817_ -0.1696446534720544 51.49410771357633_ -0.1667554802080815 51.49410771357633
149,6.668703934, -0.1667554802080815 51.49590635678817_ -0.1667554802080815 51.497705_ -0.1696446534720544 51.497705_ -0.1696446534720544 51.49590635678817_ -0.1667554802080815 51.49590635678817
150,7.320038358, -0.1667554802080815 51.497705_ -0.1667554802080815 51.49950364321184_ -0.1696446534720544 51.49950364321184_ -0.1696446534720544 51.497705_ -0.1667554802080815 51.497705
151,6.897540377, -0.1667554802080815 51.49950364321184_ -0.1667554802080815 51.50130228642368_ -0.1696446534720544 51.50130228642368_ -0.1696446534720544 51.49950364321184_ -0.1667554802080815 51.49950364321184
152,7.286049481, -0.1667554802080815 51.50130228642368_ -0.1667554802080815 51.503100929635515_ -0.1696446534720544 51.503100929635515_ -0.1696446534720544 51.50130228642368_ -0.1667554802080815 51.50130228642368
153,8.087927032, -0.1667554802080815 51.503100929635515_ -0.1667554802080815 51.50489957284736_ -0.1696446534720544 51.50489957284736_ -0.1696446534720544 51.503100929635515_ -0.1667554802080815 51.503100929635515
154,7.839417049, -0.1667554802080815 51.50489957284736_ -0.1667554802080815 51.50669821605919_ -0.1696446534720544 51.50669821605919_ -0.1696446534720544 51.50489957284736_ -0.1667554802080815 51.50489957284736
155,7.690233621, -0.1667554802080815 51.50669821605919_ -0.1667554802080815 51.50849685927103_ -0.1696446534720544 51.50849685927103_ -0.1696446534720544 51.50669821605919_ -0.1667554802080815 51.50669821605919
156,7.803551241, -0.1667554802080815 51.50849685927103_ -0.1667554802080815 51.51029550248287_ -0.1696446534720544 51.51029550248287_ -0.1696446534720544 51.50849685927103_ -0.1667554802080815 51.50849685927103
157,6.887195768, -0.1667554802080815 51.51029550248287_ -0.1667554802080815 51.512094145694704_ -0.1696446534720544 51.512094145694704_ -0.1696446534720544 51.51029550248287_ -0.1667554802080815 51.51029550248287
158,6.889591051, -0.1667554802080815 51.512094145694704_ -0.1667554802080815 51.513892788906546_ -0.1696446534720544 51.513892788906546_ -0.1696446534720544 51.512094145694704_ -0.1667554802080815 51.512094145694704
159,7.149154773, -0.1667554802080815 51.513892788906546_ -0.1667554802080815 51.51569143211838_ -0.1696446534720544 51.51569143211838_ -0.1696446534720544 51.513892788906546_ -0.1667554802080815 51.513892788906546
160,8.001816895, -0.1696446534720544 51.479718567881626_ -0.1696446534720544 51.48151721109346_ -0.1725338267360272 51.48151721109346_ -0.1725338267360272 51.479718567881626_ -0.1696446534720544 51.479718567881626
161,8.0304972, -0.1696446534720544 51.48151721109346_ -0.1696446534720544 51.4833158543053_ -0.1725338267360272 51.4833158543053_ -0.1725338267360272 51.48151721109346_ -0.1696446534720544 51.48151721109346
162,7.787265434, -0.1696446534720544 51.4833158543053_ -0.1696446534720544 51.48511449751714_ -0.1725338267360272 51.48511449751714_ -0.1725338267360272 51.4833158543053_ -0.1696446534720544 51.4833158543053
163,7.338013359, -0.1696446534720544 51.48511449751714_ -0.1696446534720544 51.48691314072898_ -0.1725338267360272 51.48691314072898_ -0.1725338267360272 51.48511449751714_ -0.1696446534720544 51.48511449751714
164,7.790561586, -0.1696446534720544 51.48691314072898_ -0.1696446534720544 51.488711783940815_ -0.1725338267360272 51.488711783940815_ -0.1725338267360272 51.48691314072898_ -0.1696446534720544 51.48691314072898
165,7.765502362, -0.1696446534720544 51.488711783940815_ -0.1696446534720544 51.49051042715265_ -0.1725338267360272 51.49051042715265_ -0.1725338267360272 51.488711783940815_ -0.1696446534720544 51.488711783940815
166,7.268205239, -0.1696446534720544 51.49051042715265_ -0.1696446534720544 51.49230907036449_ -0.1725338267360272 51.49230907036449_ -0.1725338267360272 51.49051042715265_ -0.1696446534720544 51.49051042715265
167,7.449020876, -0.1696446534720544 51.49230907036449_ -0.1696446534720544 51.49410771357633_ -0.1725338267360272 51.49410771357633_ -0.1725338267360272 51.49230907036449_ -0.1696446534720544 51.49230907036449
168,6.598536315, -0.1696446534720544 51.49410771357633_ -0.1696446534720544 51.49590635678817_ -0.1725338267360272 51.49590635678817_ -0.1725338267360272 51.49410771357633_ -0.1696446534720544 51.49410771357633
169,7.254518252, -0.1696446534720544 51.49590635678817_ -0.1696446534720544 51.497705_ -0.1725338267360272 51.497705_ -0.1725338267360272 51.49590635678817_ -0.1696446534720544 51.49590635678817
170,8.080971397, -0.1696446534720544 51.497705_ -0.1696446534720544 51.49950364321184_ -0.1725338267360272 51.49950364321184_ -0.1725338267360272 51.497705_ -0.1696446534720544 51.497705
171,7.496576963, -0.1696446534720544 51.49950364321184_ -0.1696446534720544 51.50130228642368_ -0.1725338267360272 51.50130228642368_ -0.1725338267360272 51.49950364321184_ -0.1696446534720544 51.49950364321184
172,8.037938519, -0.1696446534720544 51.50130228642368_ -0.1696446534720544 51.503100929635515_ -0.1725338267360272 51.503100929635515_ -0.1725338267360272 51.50130228642368_ -0.1696446534720544 51.50130228642368
173,7.917777477, -0.1696446534720544 51.503100929635515_ -0.1696446534720544 51.50489957284736_ -0.1725338267360272 51.50489957284736_ -0.1725338267360272 51.503100929635515_ -0.1696446534720544 51.503100929635515
174,7.740862078, -0.1696446534720544 51.50489957284736_ -0.1696446534720544 51.50669821605919_ -0.1725338267360272 51.50669821605919_ -0.1725338267360272 51.50489957284736_ -0.1696446534720544 51.50489957284736
175,8.058110093, -0.1696446534720544 51.50669821605919_ -0.1696446534720544 51.50849685927103_ -0.1725338267360272 51.50849685927103_ -0.1725338267360272 51.50669821605919_ -0.1696446534720544 51.50669821605919
176,7.316535965, -0.1696446534720544 51.50849685927103_ -0.1696446534720544 51.51029550248287_ -0.1725338267360272 51.51029550248287_ -0.1725338267360272 51.50849685927103_ -0.1696446534720544 51.50849685927103
177,6.91284, -0.1696446534720544 51.51029550248287_ -0.1696446534720544 51.512094145694704_ -0.1725338267360272 51.512094145694704_ -0.1725338267360272 51.51029550248287_ -0.1696446534720544 51.51029550248287
178,7.207161913, -0.1696446534720544 51.512094145694704_ -0.1696446534720544 51.513892788906546_ -0.1725338267360272 51.513892788906546_ -0.1725338267360272 51.512094145694704_ -0.1696446534720544 51.512094145694704
179,7.276586079, -0.1696446534720544 51.513892788906546_ -0.1696446534720544 51.51569143211838_ -0.1725338267360272 51.51569143211838_ -0.1725338267360272 51.513892788906546_ -0.1696446534720544 51.513892788906546
180,7.216334387, -0.1725338267360272 51.479718567881626_ -0.1725338267360272 51.48151721109346_ -0.175423 51.48151721109346_ -0.175423 51.479718567881626_ -0.1725338267360272 51.479718567881626
181,7.887014528, -0.1725338267360272 51.48151721109346_ -0.1725338267360272 51.4833158543053_ -0.175423 51.4833158543053_ -0.175423 51.48151721109346_ -0.1725338267360272 51.48151721109346
182,6.7364226, -0.1725338267360272 51.4833158543053_ -0.1725338267360272 51.48511449751714_ -0.175423 51.48511449751714_ -0.175423 51.4833158543053_ -0.1725338267360272 51.4833158543053
183,6.774392751, -0.1725338267360272 51.48511449751714_ -0.1725338267360272 51.48691314072898_ -0.175423 51.48691314072898_ -0.175423 51.48511449751714_ -0.1725338267360272 51.48511449751714
184,7.751622324, -0.1725338267360272 51.48691314072898_ -0.1725338267360272 51.488711783940815_ -0.175423 51.488711783940815_ -0.175423 51.48691314072898_ -0.1725338267360272 51.48691314072898
185,6.598804516, -0.1725338267360272 51.488711783940815_ -0.1725338267360272 51.49051042715265_ -0.175423 51.49051042715265_ -0.175423 51.488711783940815_ -0.1725338267360272 51.488711783940815
186,6.793303753, -0.1725338267360272 51.49051042715265_ -0.1725338267360272 51.49230907036449_ -0.175423 51.49230907036449_ -0.175423 51.49051042715265_ -0.1725338267360272 51.49051042715265
187,8.526354934, -0.1725338267360272 51.49230907036449_ -0.1725338267360272 51.49410771357633_ -0.175423 51.49410771357633_ -0.175423 51.49230907036449_ -0.1725338267360272 51.49230907036449
188,8.399653441, -0.1725338267360272 51.49410771357633_ -0.1725338267360272 51.49590635678817_ -0.175423 51.49590635678817_ -0.175423 51.49410771357633_ -0.1725338267360272 51.49410771357633
189,7.681111447, -0.1725338267360272 51.49590635678817_ -0.1725338267360272 51.497705_ -0.175423 51.497705_ -0.175423 51.49590635678817_ -0.1725338267360272 51.49590635678817
190,8.292557154, -0.1725338267360272 51.497705_ -0.1725338267360272 51.49950364321184_ -0.175423 51.49950364321184_ -0.175423 51.497705_ -0.1725338267360272 51.497705
191,7.33412872, -0.1725338267360272 51.49950364321184_ -0.1725338267360272 51.50130228642368_ -0.175423 51.50130228642368_ -0.175423 51.49950364321184_ -0.1725338267360272 51.49950364321184
192,7.504506957, -0.1725338267360272 51.50130228642368_ -0.1725338267360272 51.503100929635515_ -0.175423 51.503100929635515_ -0.175423 51.50130228642368_ -0.1725338267360272 51.50130228642368
193,8.443877116, -0.1725338267360272 51.503100929635515_ -0.1725338267360272 51.50489957284736_ -0.175423 51.50489957284736_ -0.175423 51.503100929635515_ -0.1725338267360272 51.503100929635515
194,7.599901275, -0.1725338267360272 51.50489957284736_ -0.1725338267360272 51.50669821605919_ -0.175423 51.50669821605919_ -0.175423 51.50489957284736_ -0.1725338267360272 51.50489957284736
195,7.745249124, -0.1725338267360272 51.50669821605919_ -0.1725338267360272 51.50849685927103_ -0.175423 51.50849685927103_ -0.175423 51.50669821605919_ -0.1725338267360272 51.50669821605919
196,8.031505939, -0.1725338267360272 51.50849685927103_ -0.1725338267360272 51.51029550248287_ -0.175423 51.51029550248287_ -0.175423 51.50849685927103_ -0.1725338267360272 51.50849685927103
197,7.884229234, -0.1725338267360272 51.51029550248287_ -0.1725338267360272 51.512094145694704_ -0.175423 51.512094145694704_ -0.175423 51.51029550248287_ -0.1725338267360272 51.51029550248287
198,7.473443004, -0.1725338267360272 51.512094145694704_ -0.1725338267360272 51.513892788906546_ -0.175423 51.513892788906546_ -0.175423 51.512094145694704_ -0.1725338267360272 51.512094145694704
199,7.651305811, -0.1725338267360272 51.513892788906546_ -0.1725338267360272 51.51569143211838_ -0.175423 51.51569143211838_ -0.175423 51.513892788906546_ -0.1725338267360272 51.513892788906546
200,6.649591951, -0.175423 51.479718567881626_ -0.175423 51.48151721109346_ -0.1783121732639728 51.48151721109346_ -0.1783121732639728 51.479718567881626_ -0.175423 51.479718567881626
201,7.483886221, -0.175423 51.48151721109346_ -0.175423 51.4833158543053_ -0.1783121732639728 51.4833158543053_ -0.1783121732639728 51.48151721109346_ -0.175423 51.48151721109346
202,8.58496791, -0.175423 51.4833158543053_ -0.175423 51.48511449751714_ -0.1783121732639728 51.48511449751714_ -0.1783121732639728 51.4833158543053_ -0.175423 51.4833158543053
203,6.894376706, -0.175423 51.48511449751714_ -0.175423 51.48691314072898_ -0.1783121732639728 51.48691314072898_ -0.1783121732639728 51.48511449751714_ -0.175423 51.48511449751714
204,6.616559712, -0.175423 51.48691314072898_ -0.175423 51.488711783940815_ -0.1783121732639728 51.488711783940815_ -0.1783121732639728 51.48691314072898_ -0.175423 51.48691314072898
205,7.032678408, -0.175423 51.488711783940815_ -0.175423 51.49051042715265_ -0.1783121732639728 51.49051042715265_ -0.1783121732639728 51.488711783940815_ -0.175423 51.488711783940815
206,6.656322593, -0.175423 51.49051042715265_ -0.175423 51.49230907036449_ -0.1783121732639728 51.49230907036449_ -0.1783121732639728 51.49051042715265_ -0.175423 51.49051042715265
207,7.043660998, -0.175423 51.49230907036449_ -0.175423 51.49410771357633_ -0.1783121732639728 51.49410771357633_ -0.1783121732639728 51.49230907036449_ -0.175423 51.49230907036449
208,7.026713844, -0.175423 51.49410771357633_ -0.175423 51.49590635678817_ -0.1783121732639728 51.49590635678817_ -0.1783121732639728 51.49410771357633_ -0.175423 51.49410771357633
209,7.187049749, -0.175423 51.49590635678817_ -0.175423 51.497705_ -0.1783121732639728 51.497705_ -0.1783121732639728 51.49590635678817_ -0.175423 51.49590635678817
210,8.568952998, -0.175423 51.497705_ -0.175423 51.49950364321184_ -0.1783121732639728 51.49950364321184_ -0.1783121732639728 51.497705_ -0.175423 51.497705
211,7.36066752, -0.175423 51.49950364321184_ -0.175423 51.50130228642368_ -0.1783121732639728 51.50130228642368_ -0.1783121732639728 51.49950364321184_ -0.175423 51.49950364321184
212,7.780248351, -0.175423 51.50130228642368_ -0.175423 51.503100929635515_ -0.1783121732639728 51.503100929635515_ -0.1783121732639728 51.50130228642368_ -0.175423 51.50130228642368
213,7.760319488, -0.175423 51.503100929635515_ -0.175423 51.50489957284736_ -0.1783121732639728 51.50489957284736_ -0.1783121732639728 51.503100929635515_ -0.175423 51.503100929635515
214,7.636563567, -0.175423 51.50489957284736_ -0.175423 51.50669821605919_ -0.1783121732639728 51.50669821605919_ -0.1783121732639728 51.50489957284736_ -0.175423 51.50489957284736
215,8.173800371, -0.175423 51.50669821605919_ -0.175423 51.50849685927103_ -0.1783121732639728 51.50849685927103_ -0.1783121732639728 51.50669821605919_ -0.175423 51.50669821605919
216,8.055318132, -0.175423 51.50849685927103_ -0.175423 51.51029550248287_ -0.1783121732639728 51.51029550248287_ -0.1783121732639728 51.50849685927103_ -0.175423 51.50849685927103
217,7.808060295, -0.175423 51.51029550248287_ -0.175423 51.512094145694704_ -0.1783121732639728 51.512094145694704_ -0.1783121732639728 51.51029550248287_ -0.175423 51.51029550248287
218,7.876426488, -0.175423 51.512094145694704_ -0.175423 51.513892788906546_ -0.1783121732639728 51.513892788906546_ -0.1783121732639728 51.512094145694704_ -0.175423 51.512094145694704
219,8.482841203, -0.175423 51.513892788906546_ -0.175423 51.51569143211838_ -0.1783121732639728 51.51569143211838_ -0.1783121732639728 51.513892788906546_ -0.175423 51.513892788906546
220,6.907276574, -0.1783121732639728 51.479718567881626_ -0.1783121732639728 51.48151721109346_ -0.1812013465279456 51.48151721109346_ -0.1812013465279456 51.479718567881626_ -0.1783121732639728 51.479718567881626
221,8.785830492, -0.1783121732639728 51.48151721109346_ -0.1783121732639728 51.4833158543053_ -0.1812013465279456 51.4833158543053_ -0.1812013465279456 51.48151721109346_ -0.1783121732639728 51.48151721109346
222,7.73993008, -0.1783121732639728 51.4833158543053_ -0.1783121732639728 51.48511449751714_ -0.1812013465279456 51.48511449751714_ -0.1812013465279456 51.4833158543053_ -0.1783121732639728 51.4833158543053
223,6.680562133, -0.1783121732639728 51.48511449751714_ -0.1783121732639728 51.48691314072898_ -0.1812013465279456 51.48691314072898_ -0.1812013465279456 51.48511449751714_ -0.1783121732639728 51.48511449751714
224,6.953240545, -0.1783121732639728 51.48691314072898_ -0.1783121732639728 51.488711783940815_ -0.1812013465279456 51.488711783940815_ -0.1812013465279456 51.48691314072898_ -0.1783121732639728 51.48691314072898
225,7.474095579, -0.1783121732639728 51.488711783940815_ -0.1783121732639728 51.49051042715265_ -0.1812013465279456 51.49051042715265_ -0.1812013465279456 51.488711783940815_ -0.1783121732639728 51.488711783940815
226,6.892393259, -0.1783121732639728 51.49051042715265_ -0.1783121732639728 51.49230907036449_ -0.1812013465279456 51.49230907036449_ -0.1812013465279456 51.49051042715265_ -0.1783121732639728 51.49051042715265
227,6.832671565, -0.1783121732639728 51.49230907036449_ -0.1783121732639728 51.49410771357633_ -0.1812013465279456 51.49410771357633_ -0.1812013465279456 51.49230907036449_ -0.1783121732639728 51.49230907036449
228,7.307464011, -0.1783121732639728 51.49410771357633_ -0.1783121732639728 51.49590635678817_ -0.1812013465279456 51.49590635678817_ -0.1812013465279456 51.49410771357633_ -0.1783121732639728 51.49410771357633
229,8.121302062, -0.1783121732639728 51.49590635678817_ -0.1783121732639728 51.497705_ -0.1812013465279456 51.497705_ -0.1812013465279456 51.49590635678817_ -0.1783121732639728 51.49590635678817
230,7.64140073, -0.1783121732639728 51.497705_ -0.1783121732639728 51.49950364321184_ -0.1812013465279456 51.49950364321184_ -0.1812013465279456 51.497705_ -0.1783121732639728 51.497705
231,7.543898465, -0.1783121732639728 51.49950364321184_ -0.1783121732639728 51.50130228642368_ -0.1812013465279456 51.50130228642368_ -0.1812013465279456 51.49950364321184_ -0.1783121732639728 51.49950364321184
232,7.748325614, -0.1783121732639728 51.50130228642368_ -0.1783121732639728 51.503100929635515_ -0.1812013465279456 51.503100929635515_ -0.1812013465279456 51.50130228642368_ -0.1783121732639728 51.50130228642368
233,8.236092664, -0.1783121732639728 51.503100929635515_ -0.1783121732639728 51.50489957284736_ -0.1812013465279456 51.50489957284736_ -0.1812013465279456 51.503100929635515_ -0.1783121732639728 51.503100929635515
234,8.695904238, -0.1783121732639728 51.50489957284736_ -0.1783121732639728 51.50669821605919_ -0.1812013465279456 51.50669821605919_ -0.1812013465279456 51.50489957284736_ -0.1783121732639728 51.50489957284736
235,8.885690703, -0.1783121732639728 51.50669821605919_ -0.1783121732639728 51.50849685927103_ -0.1812013465279456 51.50849685927103_ -0.1812013465279456 51.50669821605919_ -0.1783121732639728 51.50669821605919
236,8.489291956, -0.1783121732639728 51.50849685927103_ -0.1783121732639728 51.51029550248287_ -0.1812013465279456 51.51029550248287_ -0.1812013465279456 51.50849685927103_ -0.1783121732639728 51.50849685927103
237,7.6070098, -0.1783121732639728 51.51029550248287_ -0.1783121732639728 51.512094145694704_ -0.1812013465279456 51.512094145694704_ -0.1812013465279456 51.51029550248287_ -0.1783121732639728 51.51029550248287
238,8.687454896, -0.1783121732639728 51.512094145694704_ -0.1783121732639728 51.513892788906546_ -0.1812013465279456 51.513892788906546_ -0.1812013465279456 51.512094145694704_ -0.1783121732639728 51.512094145694704
239,9.574245071, -0.1783121732639728 51.513892788906546_ -0.1783121732639728 51.51569143211838_ -0.1812013465279456 51.51569143211838_ -0.1812013465279456 51.513892788906546_ -0.1783121732639728 51.513892788906546
240,7.383524944, -0.1812013465279456 51.479718567881626_ -0.1812013465279456 51.48151721109346_ -0.1840905197919185 51.48151721109346_ -0.1840905197919185 51.479718567881626_ -0.1812013465279456 51.479718567881626
241,7.491064508, -0.1812013465279456 51.48151721109346_ -0.1812013465279456 51.4833158543053_ -0.1840905197919185 51.4833158543053_ -0.1840905197919185 51.48151721109346_ -0.1812013465279456 51.48151721109346
242,7.999387119, -0.1812013465279456 51.4833158543053_ -0.1812013465279456 51.48511449751714_ -0.1840905197919185 51.48511449751714_ -0.1840905197919185 51.4833158543053_ -0.1812013465279456 51.4833158543053
243,6.799270649, -0.1812013465279456 51.48511449751714_ -0.1812013465279456 51.48691314072898_ -0.1840905197919185 51.48691314072898_ -0.1840905197919185 51.48511449751714_ -0.1812013465279456 51.48511449751714
244,7.872560146, -0.1812013465279456 51.48691314072898_ -0.1812013465279456 51.488711783940815_ -0.1840905197919185 51.488711783940815_ -0.1840905197919185 51.48691314072898_ -0.1812013465279456 51.48691314072898
245,7.189198466, -0.1812013465279456 51.488711783940815_ -0.1812013465279456 51.49051042715265_ -0.1840905197919185 51.49051042715265_ -0.1840905197919185 51.488711783940815_ -0.1812013465279456 51.488711783940815
246,6.482514526, -0.1812013465279456 51.49051042715265_ -0.1812013465279456 51.49230907036449_ -0.1840905197919185 51.49230907036449_ -0.1840905197919185 51.49051042715265_ -0.1812013465279456 51.49051042715265
247,7.786395551, -0.1812013465279456 51.49230907036449_ -0.1812013465279456 51.49410771357633_ -0.1840905197919185 51.49410771357633_ -0.1840905197919185 51.49230907036449_ -0.1812013465279456 51.49230907036449
248,8.419700331, -0.1812013465279456 51.49410771357633_ -0.1812013465279456 51.49590635678817_ -0.1840905197919185 51.49590635678817_ -0.1840905197919185 51.49410771357633_ -0.1812013465279456 51.49410771357633
249,8.030096864, -0.1812013465279456 51.49590635678817_ -0.1812013465279456 51.497705_ -0.1840905197919185 51.497705_ -0.1840905197919185 51.49590635678817_ -0.1812013465279456 51.49590635678817
250,7.82480386, -0.1812013465279456 51.497705_ -0.1812013465279456 51.49950364321184_ -0.1840905197919185 51.49950364321184_ -0.1840905197919185 51.497705_ -0.1812013465279456 51.497705
251,7.728797331, -0.1812013465279456 51.49950364321184_ -0.1812013465279456 51.50130228642368_ -0.1840905197919185 51.50130228642368_ -0.1840905197919185 51.49950364321184_ -0.1812013465279456 51.49950364321184
252,7.599628991, -0.1812013465279456 51.50130228642368_ -0.1812013465279456 51.503100929635515_ -0.1840905197919185 51.503100929635515_ -0.1840905197919185 51.50130228642368_ -0.1812013465279456 51.50130228642368
253,9.044299671, -0.1812013465279456 51.503100929635515_ -0.1812013465279456 51.50489957284736_ -0.1840905197919185 51.50489957284736_ -0.1840905197919185 51.503100929635515_ -0.1812013465279456 51.503100929635515
254,9.019792275, -0.1812013465279456 51.50489957284736_ -0.1812013465279456 51.50669821605919_ -0.1840905197919185 51.50669821605919_ -0.1840905197919185 51.50489957284736_ -0.1812013465279456 51.50489957284736
255,9.084107599, -0.1812013465279456 51.50669821605919_ -0.1812013465279456 51.50849685927103_ -0.1840905197919185 51.50849685927103_ -0.1840905197919185 51.50669821605919_ -0.1812013465279456 51.50669821605919
256,8.859313745, -0.1812013465279456 51.50849685927103_ -0.1812013465279456 51.51029550248287_ -0.1840905197919185 51.51029550248287_ -0.1840905197919185 51.50849685927103_ -0.1812013465279456 51.50849685927103
257,9.693583919, -0.1812013465279456 51.51029550248287_ -0.1812013465279456 51.512094145694704_ -0.1840905197919185 51.512094145694704_ -0.1840905197919185 51.51029550248287_ -0.1812013465279456 51.51029550248287
258,9.604492459, -0.1812013465279456 51.512094145694704_ -0.1812013465279456 51.513892788906546_ -0.1840905197919185 51.513892788906546_ -0.1840905197919185 51.512094145694704_ -0.1812013465279456 51.512094145694704
259,7.81691916, -0.1812013465279456 51.513892788906546_ -0.1812013465279456 51.51569143211838_ -0.1840905197919185 51.51569143211838_ -0.1840905197919185 51.513892788906546_ -0.1812013465279456 51.513892788906546
260,8.561092306, -0.1840905197919185 51.479718567881626_ -0.1840905197919185 51.48151721109346_ -0.1869796930558913 51.48151721109346_ -0.1869796930558913 51.479718567881626_ -0.1840905197919185 51.479718567881626
261,7.265905457, -0.1840905197919185 51.48151721109346_ -0.1840905197919185 51.4833158543053_ -0.1869796930558913 51.4833158543053_ -0.1869796930558913 51.48151721109346_ -0.1840905197919185 51.48151721109346
262,6.381516665, -0.1840905197919185 51.4833158543053_ -0.1840905197919185 51.48511449751714_ -0.1869796930558913 51.48511449751714_ -0.1869796930558913 51.4833158543053_ -0.1840905197919185 51.4833158543053
263,7.463667903, -0.1840905197919185 51.48511449751714_ -0.1840905197919185 51.48691314072898_ -0.1869796930558913 51.48691314072898_ -0.1869796930558913 51.48511449751714_ -0.1840905197919185 51.48511449751714
264,7.571091824, -0.1840905197919185 51.48691314072898_ -0.1840905197919185 51.488711783940815_ -0.1869796930558913 51.488711783940815_ -0.1869796930558913 51.48691314072898_ -0.1840905197919185 51.48691314072898
265,7.620636736, -0.1840905197919185 51.488711783940815_ -0.1840905197919185 51.49051042715265_ -0.1869796930558913 51.49051042715265_ -0.1869796930558913 51.488711783940815_ -0.1840905197919185 51.488711783940815
266,7.090343075, -0.1840905197919185 51.49051042715265_ -0.1840905197919185 51.49230907036449_ -0.1869796930558913 51.49230907036449_ -0.1869796930558913 51.49051042715265_ -0.1840905197919185 51.49051042715265
267,6.471583536, -0.1840905197919185 51.49230907036449_ -0.1840905197919185 51.49410771357633_ -0.1869796930558913 51.49410771357633_ -0.1869796930558913 51.49230907036449_ -0.1840905197919185 51.49230907036449
268,7.729635007, -0.1840905197919185 51.49410771357633_ -0.1840905197919185 51.49590635678817_ -0.1869796930558913 51.49590635678817_ -0.1869796930558913 51.49410771357633_ -0.1840905197919185 51.49410771357633
269,9.407981312, -0.1840905197919185 51.49590635678817_ -0.1840905197919185 51.497705_ -0.1869796930558913 51.497705_ -0.1869796930558913 51.49590635678817_ -0.1840905197919185 51.49590635678817
270,6.884602241, -0.1840905197919185 51.497705_ -0.1840905197919185 51.49950364321184_ -0.1869796930558913 51.49950364321184_ -0.1869796930558913 51.497705_ -0.1840905197919185 51.497705
271,7.713350495, -0.1840905197919185 51.49950364321184_ -0.1840905197919185 51.50130228642368_ -0.1869796930558913 51.50130228642368_ -0.1869796930558913 51.49950364321184_ -0.1840905197919185 51.49950364321184
272,7.657549289, -0.1840905197919185 51.50130228642368_ -0.1840905197919185 51.503100929635515_ -0.1869796930558913 51.503100929635515_ -0.1869796930558913 51.50130228642368_ -0.1840905197919185 51.50130228642368
273,8.70830062, -0.1840905197919185 51.503100929635515_ -0.1840905197919185 51.50489957284736_ -0.1869796930558913 51.50489957284736_ -0.1869796930558913 51.503100929635515_ -0.1840905197919185 51.503100929635515
274,8.683875519, -0.1840905197919185 51.50489957284736_ -0.1840905197919185 51.50669821605919_ -0.1869796930558913 51.50669821605919_ -0.1869796930558913 51.50489957284736_ -0.1840905197919185 51.50489957284736
275,8.496494826, -0.1840905197919185 51.50669821605919_ -0.1840905197919185 51.50849685927103_ -0.1869796930558913 51.50849685927103_ -0.1869796930558913 51.50669821605919_ -0.1840905197919185 51.50669821605919
276,7.719356049, -0.1840905197919185 51.50849685927103_ -0.1840905197919185 51.51029550248287_ -0.1869796930558913 51.51029550248287_ -0.1869796930558913 51.50849685927103_ -0.1840905197919185 51.50849685927103
277,9.089988619, -0.1840905197919185 51.51029550248287_ -0.1840905197919185 51.512094145694704_ -0.1869796930558913 51.512094145694704_ -0.1869796930558913 51.51029550248287_ -0.1840905197919185 51.51029550248287
278,8.944276237, -0.1840905197919185 51.512094145694704_ -0.1840905197919185 51.513892788906546_ -0.1869796930558913 51.513892788906546_ -0.1869796930558913 51.512094145694704_ -0.1840905197919185 51.512094145694704
279,7.639691872, -0.1840905197919185 51.513892788906546_ -0.1840905197919185 51.51569143211838_ -0.1869796930558913 51.51569143211838_ -0.1869796930558913 51.513892788906546_ -0.1840905197919185 51.513892788906546
280,7.937167127, -0.1869796930558913 51.479718567881626_ -0.1869796930558913 51.48151721109346_ -0.1898688663198641 51.48151721109346_ -0.1898688663198641 51.479718567881626_ -0.1869796930558913 51.479718567881626
281,7.023385232, -0.1869796930558913 51.48151721109346_ -0.1869796930558913 51.4833158543053_ -0.1898688663198641 51.4833158543053_ -0.1898688663198641 51.48151721109346_ -0.1869796930558913 51.48151721109346
282,8.096220316, -0.1869796930558913 51.4833158543053_ -0.1869796930558913 51.48511449751714_ -0.1898688663198641 51.48511449751714_ -0.1898688663198641 51.4833158543053_ -0.1869796930558913 51.4833158543053
283,7.762732532, -0.1869796930558913 51.48511449751714_ -0.1869796930558913 51.48691314072898_ -0.1898688663198641 51.48691314072898_ -0.1898688663198641 51.48511449751714_ -0.1869796930558913 51.48511449751714
284,7.019122387, -0.1869796930558913 51.48691314072898_ -0.1869796930558913 51.488711783940815_ -0.1898688663198641 51.488711783940815_ -0.1898688663198641 51.48691314072898_ -0.1869796930558913 51.48691314072898
285,6.633156367, -0.1869796930558913 51.488711783940815_ -0.1869796930558913 51.49051042715265_ -0.1898688663198641 51.49051042715265_ -0.1898688663198641 51.488711783940815_ -0.1869796930558913 51.488711783940815
286,7.199785266, -0.1869796930558913 51.49051042715265_ -0.1869796930558913 51.49230907036449_ -0.1898688663198641 51.49230907036449_ -0.1898688663198641 51.49051042715265_ -0.1869796930558913 51.49051042715265
287,6.511633095, -0.1869796930558913 51.49230907036449_ -0.1869796930558913 51.49410771357633_ -0.1898688663198641 51.49410771357633_ -0.1898688663198641 51.49230907036449_ -0.1869796930558913 51.49230907036449
288,7.264810449, -0.1869796930558913 51.49410771357633_ -0.1869796930558913 51.49590635678817_ -0.1898688663198641 51.49590635678817_ -0.1898688663198641 51.49410771357633_ -0.1869796930558913 51.49410771357633
289,7.903324353, -0.1869796930558913 51.49590635678817_ -0.1869796930558913 51.497705_ -0.1898688663198641 51.497705_ -0.1898688663198641 51.49590635678817_ -0.1869796930558913 51.49590635678817
290,6.952822692, -0.1869796930558913 51.497705_ -0.1869796930558913 51.49950364321184_ -0.1898688663198641 51.49950364321184_ -0.1898688663198641 51.497705_ -0.1869796930558913 51.497705
291,6.83023463, -0.1869796930558913 51.49950364321184_ -0.1869796930558913 51.50130228642368_ -0.1898688663198641 51.50130228642368_ -0.1898688663198641 51.49950364321184_ -0.1869796930558913 51.49950364321184
292,6.990450301, -0.1869796930558913 51.50130228642368_ -0.1869796930558913 51.503100929635515_ -0.1898688663198641 51.503100929635515_ -0.1898688663198641 51.50130228642368_ -0.1869796930558913 51.50130228642368
293,7.739683849, -0.1869796930558913 51.503100929635515_ -0.1869796930558913 51.50489957284736_ -0.1898688663198641 51.50489957284736_ -0.1898688663198641 51.503100929635515_ -0.1869796930558913 51.503100929635515
294,8.544053489, -0.1869796930558913 51.50489957284736_ -0.1869796930558913 51.50669821605919_ -0.1898688663198641 51.50669821605919_ -0.1898688663198641 51.50489957284736_ -0.1869796930558913 51.50489957284736
295,8.79059327, -0.1869796930558913 51.50669821605919_ -0.1869796930558913 51.50849685927103_ -0.1898688663198641 51.50849685927103_ -0.1898688663198641 51.50669821605919_ -0.1869796930558913 51.50669821605919
296,8.862968266, -0.1869796930558913 51.50849685927103_ -0.1869796930558913 51.51029550248287_ -0.1898688663198641 51.51029550248287_ -0.1898688663198641 51.50849685927103_ -0.1869796930558913 51.50849685927103
297,8.020810995, -0.1869796930558913 51.51029550248287_ -0.1869796930558913 51.512094145694704_ -0.1898688663198641 51.512094145694704_ -0.1898688663198641 51.51029550248287_ -0.1869796930558913 51.51029550248287
298,8.08272508, -0.1869796930558913 51.512094145694704_ -0.1869796930558913 51.513892788906546_ -0.1898688663198641 51.513892788906546_ -0.1898688663198641 51.512094145694704_ -0.1869796930558913 51.512094145694704
299,10.13270321, -0.1869796930558913 51.513892788906546_ -0.1869796930558913 51.51569143211838_ -0.1898688663198641 51.51569143211838_ -0.1898688663198641 51.513892788906546_ -0.1869796930558913 51.513892788906546
300,7.155749383, -0.1898688663198641 51.479718567881626_ -0.1898688663198641 51.48151721109346_ -0.1927580395838369 51.48151721109346_ -0.1927580395838369 51.479718567881626_ -0.1898688663198641 51.479718567881626
301,6.929272187, -0.1898688663198641 51.48151721109346_ -0.1898688663198641 51.4833158543053_ -0.1927580395838369 51.4833158543053_ -0.1927580395838369 51.48151721109346_ -0.1898688663198641 51.48151721109346
302,8.333754434, -0.1898688663198641 51.4833158543053_ -0.1898688663198641 51.48511449751714_ -0.1927580395838369 51.48511449751714_ -0.1927580395838369 51.4833158543053_ -0.1898688663198641 51.4833158543053
303,6.943329817, -0.1898688663198641 51.48511449751714_ -0.1898688663198641 51.48691314072898_ -0.1927580395838369 51.48691314072898_ -0.1927580395838369 51.48511449751714_ -0.1898688663198641 51.48511449751714
304,6.579283605, -0.1898688663198641 51.48691314072898_ -0.1898688663198641 51.488711783940815_ -0.1927580395838369 51.488711783940815_ -0.1927580395838369 51.48691314072898_ -0.1898688663198641 51.48691314072898
305,6.714130413, -0.1898688663198641 51.488711783940815_ -0.1898688663198641 51.49051042715265_ -0.1927580395838369 51.49051042715265_ -0.1927580395838369 51.488711783940815_ -0.1898688663198641 51.488711783940815
306,7.009773089, -0.1898688663198641 51.49051042715265_ -0.1898688663198641 51.49230907036449_ -0.1927580395838369 51.49230907036449_ -0.1927580395838369 51.49051042715265_ -0.1898688663198641 51.49051042715265
307,6.342741048, -0.1898688663198641 51.49230907036449_ -0.1898688663198641 51.49410771357633_ -0.1927580395838369 51.49410771357633_ -0.1927580395838369 51.49230907036449_ -0.1898688663198641 51.49230907036449
308,6.958736797, -0.1898688663198641 51.49410771357633_ -0.1898688663198641 51.49590635678817_ -0.1927580395838369 51.49590635678817_ -0.1927580395838369 51.49410771357633_ -0.1898688663198641 51.49410771357633
309,7.52293688, -0.1898688663198641 51.49590635678817_ -0.1898688663198641 51.497705_ -0.1927580395838369 51.497705_ -0.1927580395838369 51.49590635678817_ -0.1898688663198641 51.49590635678817
310,6.095499394, -0.1898688663198641 51.497705_ -0.1898688663198641 51.49950364321184_ -0.1927580395838369 51.49950364321184_ -0.1927580395838369 51.497705_ -0.1898688663198641 51.497705
311,6.588183296, -0.1898688663198641 51.49950364321184_ -0.1898688663198641 51.50130228642368_ -0.1927580395838369 51.50130228642368_ -0.1927580395838369 51.49950364321184_ -0.1898688663198641 51.49950364321184
312,7.186522046, -0.1898688663198641 51.50130228642368_ -0.1898688663198641 51.503100929635515_ -0.1927580395838369 51.503100929635515_ -0.1927580395838369 51.50130228642368_ -0.1898688663198641 51.50130228642368
313,7.470380612, -0.1898688663198641 51.503100929635515_ -0.1898688663198641 51.50489957284736_ -0.1927580395838369 51.50489957284736_ -0.1927580395838369 51.503100929635515_ -0.1898688663198641 51.503100929635515
314,7.50493279, -0.1898688663198641 51.50489957284736_ -0.1898688663198641 51.50669821605919_ -0.1927580395838369 51.50669821605919_ -0.1927580395838369 51.50489957284736_ -0.1898688663198641 51.50489957284736
315,8.969586961, -0.1898688663198641 51.50669821605919_ -0.1898688663198641 51.50849685927103_ -0.1927580395838369 51.50849685927103_ -0.1927580395838369 51.50669821605919_ -0.1898688663198641 51.50669821605919
316,8.057739813, -0.1898688663198641 51.50849685927103_ -0.1898688663198641 51.51029550248287_ -0.1927580395838369 51.51029550248287_ -0.1927580395838369 51.50849685927103_ -0.1898688663198641 51.50849685927103
317,7.871099072, -0.1898688663198641 51.51029550248287_ -0.1898688663198641 51.512094145694704_ -0.1927580395838369 51.512094145694704_ -0.1927580395838369 51.51029550248287_ -0.1898688663198641 51.51029550248287
318,7.09459557, -0.1898688663198641 51.512094145694704_ -0.1898688663198641 51.513892788906546_ -0.1927580395838369 51.513892788906546_ -0.1927580395838369 51.512094145694704_ -0.1898688663198641 51.512094145694704
319,7.660144134, -0.1898688663198641 51.513892788906546_ -0.1898688663198641 51.51569143211838_ -0.1927580395838369 51.51569143211838_ -0.1927580395838369 51.513892788906546_ -0.1898688663198641 51.513892788906546
320,7.223047831, -0.1927580395838369 51.479718567881626_ -0.1927580395838369 51.48151721109346_ -0.1956472128478097 51.48151721109346_ -0.1956472128478097 51.479718567881626_ -0.1927580395838369 51.479718567881626
321,8.801865916, -0.1927580395838369 51.48151721109346_ -0.1927580395838369 51.4833158543053_ -0.1956472128478097 51.4833158543053_ -0.1956472128478097 51.48151721109346_ -0.1927580395838369 51.48151721109346
322,8.166039222, -0.1927580395838369 51.4833158543053_ -0.1927580395838369 51.48511449751714_ -0.1956472128478097 51.48511449751714_ -0.1956472128478097 51.4833158543053_ -0.1927580395838369 51.4833158543053
323,7.205335051, -0.1927580395838369 51.48511449751714_ -0.1927580395838369 51.48691314072898_ -0.1956472128478097 51.48691314072898_ -0.1956472128478097 51.48511449751714_ -0.1927580395838369 51.48511449751714
324,7.076828813, -0.1927580395838369 51.48691314072898_ -0.1927580395838369 51.488711783940815_ -0.1956472128478097 51.488711783940815_ -0.1956472128478097 51.48691314072898_ -0.1927580395838369 51.48691314072898
325,6.768781731, -0.1927580395838369 51.488711783940815_ -0.1927580395838369 51.49051042715265_ -0.1956472128478097 51.49051042715265_ -0.1956472128478097 51.488711783940815_ -0.1927580395838369 51.488711783940815
326,7.66183256, -0.1927580395838369 51.49051042715265_ -0.1927580395838369 51.49230907036449_ -0.1956472128478097 51.49230907036449_ -0.1956472128478097 51.49051042715265_ -0.1927580395838369 51.49051042715265
327,7.848508987, -0.1927580395838369 51.49230907036449_ -0.1927580395838369 51.49410771357633_ -0.1956472128478097 51.49410771357633_ -0.1956472128478097 51.49230907036449_ -0.1927580395838369 51.49230907036449
328,7.926216662, -0.1927580395838369 51.49410771357633_ -0.1927580395838369 51.49590635678817_ -0.1956472128478097 51.49590635678817_ -0.1956472128478097 51.49410771357633_ -0.1927580395838369 51.49410771357633
329,8.213458108, -0.1927580395838369 51.49590635678817_ -0.1927580395838369 51.497705_ -0.1956472128478097 51.497705_ -0.1956472128478097 51.49590635678817_ -0.1927580395838369 51.49590635678817
330,8.000934488, -0.1927580395838369 51.497705_ -0.1927580395838369 51.49950364321184_ -0.1956472128478097 51.49950364321184_ -0.1956472128478097 51.497705_ -0.1927580395838369 51.497705
331,7.268706233, -0.1927580395838369 51.49950364321184_ -0.1927580395838369 51.50130228642368_ -0.1956472128478097 51.50130228642368_ -0.1956472128478097 51.49950364321184_ -0.1927580395838369 51.49950364321184
332,7.17233751, -0.1927580395838369 51.50130228642368_ -0.1927580395838369 51.503100929635515_ -0.1956472128478097 51.503100929635515_ -0.1956472128478097 51.50130228642368_ -0.1927580395838369 51.50130228642368
333,7.286909638, -0.1927580395838369 51.503100929635515_ -0.1927580395838369 51.50489957284736_ -0.1956472128478097 51.50489957284736_ -0.1956472128478097 51.503100929635515_ -0.1927580395838369 51.503100929635515
334,8.713844626, -0.1927580395838369 51.50489957284736_ -0.1927580395838369 51.50669821605919_ -0.1956472128478097 51.50669821605919_ -0.1956472128478097 51.50489957284736_ -0.1927580395838369 51.50489957284736
335,8.930150954, -0.1927580395838369 51.50669821605919_ -0.1927580395838369 51.50849685927103_ -0.1956472128478097 51.50849685927103_ -0.1956472128478097 51.50669821605919_ -0.1927580395838369 51.50669821605919
336,8.880559007, -0.1927580395838369 51.50849685927103_ -0.1927580395838369 51.51029550248287_ -0.1956472128478097 51.51029550248287_ -0.1956472128478097 51.50849685927103_ -0.1927580395838369 51.50849685927103
337,7.994417834, -0.1927580395838369 51.51029550248287_ -0.1927580395838369 51.512094145694704_ -0.1956472128478097 51.512094145694704_ -0.1956472128478097 51.51029550248287_ -0.1927580395838369 51.51029550248287
338,7.487422863, -0.1927580395838369 51.512094145694704_ -0.1927580395838369 51.513892788906546_ -0.1956472128478097 51.513892788906546_ -0.1956472128478097 51.512094145694704_ -0.1927580395838369 51.512094145694704
339,7.903490049, -0.1927580395838369 51.513892788906546_ -0.1927580395838369 51.51569143211838_ -0.1956472128478097 51.51569143211838_ -0.1956472128478097 51.513892788906546_ -0.1927580395838369 51.513892788906546
340,8.076029134, -0.1956472128478097 51.479718567881626_ -0.1956472128478097 51.48151721109346_ -0.1985363861117825 51.48151721109346_ -0.1985363861117825 51.479718567881626_ -0.1956472128478097 51.479718567881626
341,8.425126225, -0.1956472128478097 51.48151721109346_ -0.1956472128478097 51.4833158543053_ -0.1985363861117825 51.4833158543053_ -0.1985363861117825 51.48151721109346_ -0.1956472128478097 51.48151721109346
342,7.219060824, -0.1956472128478097 51.4833158543053_ -0.1956472128478097 51.48511449751714_ -0.1985363861117825 51.48511449751714_ -0.1985363861117825 51.4833158543053_ -0.1956472128478097 51.4833158543053
343,6.860997191, -0.1956472128478097 51.48511449751714_ -0.1956472128478097 51.48691314072898_ -0.1985363861117825 51.48691314072898_ -0.1985363861117825 51.48511449751714_ -0.1956472128478097 51.48511449751714
344,7.678066194, -0.1956472128478097 51.48691314072898_ -0.1956472128478097 51.488711783940815_ -0.1985363861117825 51.488711783940815_ -0.1985363861117825 51.48691314072898_ -0.1956472128478097 51.48691314072898
345,8.447782655, -0.1956472128478097 51.488711783940815_ -0.1956472128478097 51.49051042715265_ -0.1985363861117825 51.49051042715265_ -0.1985363861117825 51.488711783940815_ -0.1956472128478097 51.488711783940815
346,7.949336607, -0.1956472128478097 51.49051042715265_ -0.1956472128478097 51.49230907036449_ -0.1985363861117825 51.49230907036449_ -0.1985363861117825 51.49051042715265_ -0.1956472128478097 51.49051042715265
347,7.990252136, -0.1956472128478097 51.49230907036449_ -0.1956472128478097 51.49410771357633_ -0.1985363861117825 51.49410771357633_ -0.1985363861117825 51.49230907036449_ -0.1956472128478097 51.49230907036449
348,8.075054561, -0.1956472128478097 51.49410771357633_ -0.1956472128478097 51.49590635678817_ -0.1985363861117825 51.49590635678817_ -0.1985363861117825 51.49410771357633_ -0.1956472128478097 51.49410771357633
349,8.609027057, -0.1956472128478097 51.49590635678817_ -0.1956472128478097 51.497705_ -0.1985363861117825 51.497705_ -0.1985363861117825 51.49590635678817_ -0.1956472128478097 51.49590635678817
350,7.898039168, -0.1956472128478097 51.497705_ -0.1956472128478097 51.49950364321184_ -0.1985363861117825 51.49950364321184_ -0.1985363861117825 51.497705_ -0.1956472128478097 51.497705
351,7.5356416, -0.1956472128478097 51.49950364321184_ -0.1956472128478097 51.50130228642368_ -0.1985363861117825 51.50130228642368_ -0.1985363861117825 51.49950364321184_ -0.1956472128478097 51.49950364321184
352,9.116365739, -0.1956472128478097 51.50130228642368_ -0.1956472128478097 51.503100929635515_ -0.1985363861117825 51.503100929635515_ -0.1985363861117825 51.50130228642368_ -0.1956472128478097 51.50130228642368
353,8.196319962, -0.1956472128478097 51.503100929635515_ -0.1956472128478097 51.50489957284736_ -0.1985363861117825 51.50489957284736_ -0.1985363861117825 51.503100929635515_ -0.1956472128478097 51.503100929635515
354,6.955610045, -0.1956472128478097 51.50489957284736_ -0.1956472128478097 51.50669821605919_ -0.1985363861117825 51.50669821605919_ -0.1985363861117825 51.50489957284736_ -0.1956472128478097 51.50489957284736
355,7.353230947, -0.1956472128478097 51.50669821605919_ -0.1956472128478097 51.50849685927103_ -0.1985363861117825 51.50849685927103_ -0.1985363861117825 51.50669821605919_ -0.1956472128478097 51.50669821605919
356,9.372545997, -0.1956472128478097 51.50849685927103_ -0.1956472128478097 51.51029550248287_ -0.1985363861117825 51.51029550248287_ -0.1985363861117825 51.50849685927103_ -0.1956472128478097 51.50849685927103
357,8.335004095, -0.1956472128478097 51.51029550248287_ -0.1956472128478097 51.512094145694704_ -0.1985363861117825 51.512094145694704_ -0.1985363861117825 51.51029550248287_ -0.1956472128478097 51.51029550248287
358,8.238702354, -0.1956472128478097 51.512094145694704_ -0.1956472128478097 51.513892788906546_ -0.1985363861117825 51.513892788906546_ -0.1985363861117825 51.512094145694704_ -0.1956472128478097 51.512094145694704
359,7.071273015, -0.1956472128478097 51.513892788906546_ -0.1956472128478097 51.51569143211838_ -0.1985363861117825 51.51569143211838_ -0.1985363861117825 51.513892788906546_ -0.1956472128478097 51.513892788906546
360,9.10766761, -0.1985363861117825 51.479718567881626_ -0.1985363861117825 51.48151721109346_ -0.2014255593757554 51.48151721109346_ -0.2014255593757554 51.479718567881626_ -0.1985363861117825 51.479718567881626
361,8.575779402, -0.1985363861117825 51.48151721109346_ -0.1985363861117825 51.4833158543053_ -0.2014255593757554 51.4833158543053_ -0.2014255593757554 51.48151721109346_ -0.1985363861117825 51.48151721109346
362,7.395556253, -0.1985363861117825 51.4833158543053_ -0.1985363861117825 51.48511449751714_ -0.2014255593757554 51.48511449751714_ -0.2014255593757554 51.4833158543053_ -0.1985363861117825 51.4833158543053
363,8.591833117, -0.1985363861117825 51.48511449751714_ -0.1985363861117825 51.48691314072898_ -0.2014255593757554 51.48691314072898_ -0.2014255593757554 51.48511449751714_ -0.1985363861117825 51.48511449751714
364,7.254656702, -0.1985363861117825 51.48691314072898_ -0.1985363861117825 51.488711783940815_ -0.2014255593757554 51.488711783940815_ -0.2014255593757554 51.48691314072898_ -0.1985363861117825 51.48691314072898
365,6.946968646, -0.1985363861117825 51.488711783940815_ -0.1985363861117825 51.49051042715265_ -0.2014255593757554 51.49051042715265_ -0.2014255593757554 51.488711783940815_ -0.1985363861117825 51.488711783940815
366,7.191458516, -0.1985363861117825 51.49051042715265_ -0.1985363861117825 51.49230907036449_ -0.2014255593757554 51.49230907036449_ -0.2014255593757554 51.49051042715265_ -0.1985363861117825 51.49051042715265
367,7.212410074, -0.1985363861117825 51.49230907036449_ -0.1985363861117825 51.49410771357633_ -0.2014255593757554 51.49410771357633_ -0.2014255593757554 51.49230907036449_ -0.1985363861117825 51.49230907036449
368,7.199204683, -0.1985363861117825 51.49410771357633_ -0.1985363861117825 51.49590635678817_ -0.2014255593757554 51.49590635678817_ -0.2014255593757554 51.49410771357633_ -0.1985363861117825 51.49410771357633
369,7.977284668, -0.1985363861117825 51.49590635678817_ -0.1985363861117825 51.497705_ -0.2014255593757554 51.497705_ -0.2014255593757554 51.49590635678817_ -0.1985363861117825 51.49590635678817
370,8.250271493, -0.1985363861117825 51.497705_ -0.1985363861117825 51.49950364321184_ -0.2014255593757554 51.49950364321184_ -0.2014255593757554 51.497705_ -0.1985363861117825 51.497705
371,7.205142293, -0.1985363861117825 51.49950364321184_ -0.1985363861117825 51.50130228642368_ -0.2014255593757554 51.50130228642368_ -0.2014255593757554 51.49950364321184_ -0.1985363861117825 51.49950364321184
372,8.297573286, -0.1985363861117825 51.50130228642368_ -0.1985363861117825 51.503100929635515_ -0.2014255593757554 51.503100929635515_ -0.2014255593757554 51.50130228642368_ -0.1985363861117825 51.50130228642368
373,8.481966878, -0.1985363861117825 51.503100929635515_ -0.1985363861117825 51.50489957284736_ -0.2014255593757554 51.50489957284736_ -0.2014255593757554 51.503100929635515_ -0.1985363861117825 51.503100929635515
374,7.014434597, -0.1985363861117825 51.50489957284736_ -0.1985363861117825 51.50669821605919_ -0.2014255593757554 51.50669821605919_ -0.2014255593757554 51.50489957284736_ -0.1985363861117825 51.50489957284736
375,7.094874846, -0.1985363861117825 51.50669821605919_ -0.1985363861117825 51.50849685927103_ -0.2014255593757554 51.50849685927103_ -0.2014255593757554 51.50669821605919_ -0.1985363861117825 51.50669821605919
376,8.201196824, -0.1985363861117825 51.50849685927103_ -0.1985363861117825 51.51029550248287_ -0.2014255593757554 51.51029550248287_ -0.2014255593757554 51.50849685927103_ -0.1985363861117825 51.50849685927103
377,8.721260392, -0.1985363861117825 51.51029550248287_ -0.1985363861117825 51.512094145694704_ -0.2014255593757554 51.512094145694704_ -0.2014255593757554 51.51029550248287_ -0.1985363861117825 51.51029550248287
378,8.867715274, -0.1985363861117825 51.512094145694704_ -0.1985363861117825 51.513892788906546_ -0.2014255593757554 51.513892788906546_ -0.2014255593757554 51.512094145694704_ -0.1985363861117825 51.512094145694704
379,6.9392803, -0.1985363861117825 51.513892788906546_ -0.1985363861117825 51.51569143211838_ -0.2014255593757554 51.51569143211838_ -0.2014255593757554 51.513892788906546_ -0.1985363861117825 51.513892788906546
380,9.149975023, -0.2014255593757554 51.479718567881626_ -0.2014255593757554 51.48151721109346_ -0.2043147326397282 51.48151721109346_ -0.2043147326397282 51.479718567881626_ -0.2014255593757554 51.479718567881626
381,9.249493431, -0.2014255593757554 51.48151721109346_ -0.2014255593757554 51.4833158543053_ -0.2043147326397282 51.4833158543053_ -0.2043147326397282 51.48151721109346_ -0.2014255593757554 51.48151721109346
382,9.734426082, -0.2014255593757554 51.4833158543053_ -0.2014255593757554 51.48511449751714_ -0.2043147326397282 51.48511449751714_ -0.2043147326397282 51.4833158543053_ -0.2014255593757554 51.4833158543053
383,10.32039119, -0.2014255593757554 51.48511449751714_ -0.2014255593757554 51.48691314072898_ -0.2043147326397282 51.48691314072898_ -0.2043147326397282 51.48511449751714_ -0.2014255593757554 51.48511449751714
384,11.55473443, -0.2014255593757554 51.48691314072898_ -0.2014255593757554 51.488711783940815_ -0.2043147326397282 51.488711783940815_ -0.2043147326397282 51.48691314072898_ -0.2014255593757554 51.48691314072898
385,9.571737543, -0.2014255593757554 51.488711783940815_ -0.2014255593757554 51.49051042715265_ -0.2043147326397282 51.49051042715265_ -0.2043147326397282 51.488711783940815_ -0.2014255593757554 51.488711783940815
386,8.666463237, -0.2014255593757554 51.49051042715265_ -0.2014255593757554 51.49230907036449_ -0.2043147326397282 51.49230907036449_ -0.2043147326397282 51.49051042715265_ -0.2014255593757554 51.49051042715265
387,7.896715158, -0.2014255593757554 51.49230907036449_ -0.2014255593757554 51.49410771357633_ -0.2043147326397282 51.49410771357633_ -0.2043147326397282 51.49230907036449_ -0.2014255593757554 51.49230907036449
388,7.279435062, -0.2014255593757554 51.49410771357633_ -0.2014255593757554 51.49590635678817_ -0.2043147326397282 51.49590635678817_ -0.2043147326397282 51.49410771357633_ -0.2014255593757554 51.49410771357633
389,7.565995654, -0.2014255593757554 51.49590635678817_ -0.2014255593757554 51.497705_ -0.2043147326397282 51.497705_ -0.2043147326397282 51.49590635678817_ -0.2014255593757554 51.49590635678817
390,7.351122025, -0.2014255593757554 51.497705_ -0.2014255593757554 51.49950364321184_ -0.2043147326397282 51.49950364321184_ -0.2043147326397282 51.497705_ -0.2014255593757554 51.497705
391,8.480739019, -0.2014255593757554 51.49950364321184_ -0.2014255593757554 51.50130228642368_ -0.2043147326397282 51.50130228642368_ -0.2043147326397282 51.49950364321184_ -0.2014255593757554 51.49950364321184
392,8.507966455, -0.2014255593757554 51.50130228642368_ -0.2014255593757554 51.503100929635515_ -0.2043147326397282 51.503100929635515_ -0.2043147326397282 51.50130228642368_ -0.2014255593757554 51.50130228642368
393,7.830468771, -0.2014255593757554 51.503100929635515_ -0.2014255593757554 51.50489957284736_ -0.2043147326397282 51.50489957284736_ -0.2043147326397282 51.503100929635515_ -0.2014255593757554 51.503100929635515
394,8.611766815, -0.2014255593757554 51.50489957284736_ -0.2014255593757554 51.50669821605919_ -0.2043147326397282 51.50669821605919_ -0.2043147326397282 51.50489957284736_ -0.2014255593757554 51.50489957284736
395,9.071836275, -0.2014255593757554 51.50669821605919_ -0.2014255593757554 51.50849685927103_ -0.2043147326397282 51.50849685927103_ -0.2043147326397282 51.50669821605919_ -0.2014255593757554 51.50669821605919
396,9.14563334, -0.2014255593757554 51.50849685927103_ -0.2014255593757554 51.51029550248287_ -0.2043147326397282 51.51029550248287_ -0.2043147326397282 51.50849685927103_ -0.2014255593757554 51.50849685927103
397,7.922663903, -0.2014255593757554 51.51029550248287_ -0.2014255593757554 51.512094145694704_ -0.2043147326397282 51.512094145694704_ -0.2043147326397282 51.51029550248287_ -0.2014255593757554 51.51029550248287
398,8.060640531, -0.2014255593757554 51.512094145694704_ -0.2014255593757554 51.513892788906546_ -0.2043147326397282 51.513892788906546_ -0.2043147326397282 51.512094145694704_ -0.2014255593757554 51.512094145694704
399,7.462926953, -0.2014255593757554 51.513892788906546_ -0.2014255593757554 51.51569143211838_ -0.2043147326397282 51.51569143211838_ -0.2043147326397282 51.513892788906546_ -0.2014255593757554 51.513892788906546