id,latitude,longitude,code
102098_,-0.1928781,51.5052033,149
387545875_,-0.1927542,51.5052319,149
387545878_,-0.1920302,51.5053988,149
7536007010_,-0.1915611,51.5051255,149
102100_,-0.1909217,51.502034,147
11776200_,-0.1916493,51.5016321,147
91803735_,-0.1931251,51.5016226,147
91803993_,-0.1930147,51.5016625,147
91804940_,-0.1929887,51.5030332,147
91805201_,-0.1925704,51.5023281,147
91805760_,-0.1924884,51.5031217,147
91807042_,-0.1924546,51.5018549,147
91807047_,-0.1912136,51.5018922,147
91807238_,-0.1923095,51.5031694,147
91807333_,-0.1920037,51.5028254,147
282218967_,-0.1913834,51.5028112,147
1288838200_,-0.193104,51.5014501,147
1289474158_,-0.1929087,51.5023895,147
1289474159_,-0.1926449,51.5024537,147
1289480792_,-0.1926729,51.5030882,147
1289480798_,-0.1918804,51.5027757,147
1937962759_,-0.1907038,51.5020404,147
8194324377_,-0.1909577,51.5019329,147
8194324389_,-0.1907554,51.5019966,147
10074518829_,-0.1913857,51.5030798,147
10074518839_,-0.1908493,51.5029451,147
10930755777_,-0.1910819,51.5028868,147
102101_,-0.1984535,51.5055114,179
26373957_,-0.1988507,51.5063461,179
26373958_,-0.1987072,51.506011,179
26373959_,-0.1985501,51.5056436,179
91796243_,-0.1965506,51.5052707,179
108332713_,-0.197219,51.5067513,179
108334357_,-0.197024,51.5064337,179
7456829135_,-0.1988638,51.5063766,179
102102_,-0.1975511,51.5043176,178
26373975_,-0.1980008,51.5048971,178
91903165_,-0.1970281,51.503782,178
91905967_,-0.1966794,51.5042709,178
108337334_,-0.1962515,51.504817,178
108337957_,-0.1976527,51.5044572,178
941091179_,-0.1986388,51.5034859,178
7449297077_,-0.1965666,51.5032038,178
7449297103_,-0.1967472,51.5035324,178
7503260440_,-0.1961421,51.5038521,178
104401_,-0.1986634,51.4990783,175
104402_,-0.1974907,51.4994549,175
26389648_,-0.1964884,51.4983595,175
26389649_,-0.19631,51.4981161,175
26389662_,-0.198019,51.4980418,175
26389664_,-0.1978312,51.4977771,175
919629158_,-0.1987651,51.4995101,175
941120048_,-0.1980881,51.4981497,175
1289584269_,-0.1979915,51.4992891,175
1931256222_,-0.1976535,51.4990428,175
1931256259_,-0.1978875,51.4993217,175
3054882679_,-0.1985245,51.4992204,175
7701609395_,-0.1966501,51.4985736,175
7701609396_,-0.1964024,51.4986394,175
7701609464_,-0.1970707,51.4991122,175
7701609465_,-0.1968701,51.4991628,175
7731989911_,-0.1986042,51.4978802,175
7731989914_,-0.1986764,51.4979974,175
8194118630_,-0.1973774,51.4994917,175
104403_,-0.1994245,51.5016448,192
25502508_,-0.2002713,51.5025625,192
919638362_,-0.2016973,51.5024989,192
5515430225_,-0.2007695,51.5024733,192
7448066006_,-0.199926,51.5021791,192
7448066008_,-0.1992082,51.5021876,192
109644_,-0.1721422,51.482455,31
88751979_,-0.1711707,51.4826632,31
88756267_,-0.1705428,51.4827973,31
88757320_,-0.1701235,51.4831421,31
88758957_,-0.1713204,51.483087,31
88759070_,-0.1718551,51.4829168,31
759801310_,-0.1725967,51.4831723,31
759801334_,-0.1727263,51.4831292,31
1211050606_,-0.1725252,51.4829123,31
1211050607_,-0.172077,51.4830781,31
7988864045_,-0.1703245,51.4829014,31
8016172787_,-0.1719723,51.4831905,31
109655_,-0.1875567,51.4867202,123
198024_,-0.1900397,51.4866708,123
26787925_,-0.1888761,51.4859419,123
26787997_,-0.1883173,51.4862825,123
8172694381_,-0.1874512,51.485909,123
8172694383_,-0.1876445,51.4860323,123
8180462540_,-0.1894009,51.485197,123
109662_,-0.1649293,51.5016731,12
109663_,-0.1655449,51.5017178,12
20821190_,-0.1650162,51.5022384,12
1974138013_,-0.1650255,51.5022754,12
3840781181_,-0.1650191,51.5017941,12
3840781184_,-0.1650457,51.5016802,12
5460261627_,-0.1664785,51.5017928,12
5460261637_,-0.1661856,51.5013841,12
5460261641_,-0.1664439,51.5014155,12
109666_,-0.1688862,51.5018335,27
20947335_,-0.1683404,51.5018129,27
306462607_,-0.1689963,51.5018383,27
306462830_,-0.1683231,51.5016684,27
306463030_,-0.1679484,51.5018142,27
306464193_,-0.167936,51.5017075,27
306464368_,-0.1675182,51.5018112,27
3840781182_,-0.1681893,51.5018134,27
3840781183_,-0.1681922,51.5018957,27
109669_,-0.171952,51.5018839,42
12196664_,-0.1701948,51.5021865,42
12196781_,-0.170226,51.5019045,42
306462297_,-0.1705657,51.5019202,42
306462392_,-0.1714734,51.5019058,42
306462537_,-0.1702029,51.5016407,42
1973882968_,-0.1702081,51.5019616,42
1973883128_,-0.170195,51.5021015,42
4444845665_,-0.1701956,51.5022493,42
109670_,-0.174596,51.5017273,57
306461357_,-0.1745822,51.5015337,57
306461663_,-0.1736579,51.5017946,57
306461682_,-0.1735052,51.5018029,57
1119515980_,-0.1747621,51.5022882,57
1973883150_,-0.174837,51.5021634,57
3765186615_,-0.1745676,51.5020799,57
3765209084_,-0.1745867,51.5021662,57
3765209145_,-0.1746302,51.5022885,57
3765209147_,-0.1745369,51.5022881,57
4322519851_,-0.1744236,51.5021529,57
4384454829_,-0.1745824,51.5024315,57
4781087866_,-0.1745744,51.5028249,57
4781087876_,-0.1730649,51.5022217,57
7911351675_,-0.1747136,51.5021658,57
7911351682_,-0.1746929,51.5020815,57
7911369885_,-0.1747119,51.5021181,57
7911369886_,-0.1746813,51.5024473,57
7911369895_,-0.1747111,51.5022884,57
9627759508_,-0.1747459,51.5021656,57
109675_,-0.1644858,51.4991778,10
109676_,-0.1654516,51.4986706,10
109677_,-0.1657009,51.4985453,10
26389696_,-0.165762,51.4992147,10
26389708_,-0.1668709,51.4986529,10
26389815_,-0.1668622,51.4978799,10
96074056_,-0.1662289,51.4982158,10
306471897_,-0.1652934,51.4987444,10
392513929_,-0.166191,51.4989973,10
392513936_,-0.1669087,51.4990878,10
392514197_,-0.1658454,51.4993779,10
1275788949_,-0.1651899,51.4983303,10
1691189726_,-0.1668037,51.4994643,10
1691189736_,-0.1659065,51.4995672,10
4897234610_,-0.1663496,51.4982705,10
4897234614_,-0.1659765,51.4984211,10
8018029426_,-0.164591,51.4984775,10
8018029428_,-0.1644305,51.4986271,10
109679_,-0.1682902,51.4971738,24
26389319_,-0.1678359,51.4968478,24
26389320_,-0.1688169,51.4962889,24
26389333_,-0.1677086,51.4960779,24
27325323_,-0.1687048,51.4969205,24
1106651476_,-0.1689257,51.4968028,24
1106651524_,-0.1688419,51.4968477,24
1106651580_,-0.1696251,51.4976612,24
1106651591_,-0.1698516,51.4976824,24
1691189628_,-0.1681491,51.4972575,24
1691189629_,-0.1678209,51.4974518,24
1960925514_,-0.1693463,51.4961455,24
1960951885_,-0.167498,51.4976431,24
1960954878_,-0.1673898,51.4964886,24
1960954879_,-0.1673988,51.496528,24
3818359102_,-0.1691752,51.496433,24
3818359108_,-0.1700043,51.4964318,24
3818359116_,-0.1692923,51.4965592,24
3818359122_,-0.169473,51.4965838,24
3818359130_,-0.1692431,51.496658,24
3818359135_,-0.1695322,51.4967147,24
3818359137_,-0.1688974,51.4967265,24
3818359139_,-0.1690603,51.4967399,24
3818359141_,-0.169184,51.4968142,24
3818359146_,-0.1682054,51.4971107,24
5904372082_,-0.1677373,51.4973807,24
5904372083_,-0.1680662,51.497191,24
5904372084_,-0.1673923,51.4975798,24
8043756354_,-0.167859,51.4968643,24
109699_,-0.1732229,51.505197,59
1122666438_,-0.1730559,51.5051443,59
1504544856_,-0.1729852,51.5050891,59
4197267008_,-0.1731347,51.5051709,59
109869_,-0.1822596,51.4951071,98
109870_,-0.1828067,51.4949798,98
26389004_,-0.1823795,51.4941943,98
26389016_,-0.1832129,51.4958935,98
27322675_,-0.1826803,51.4947391,98
265565434_,-0.1817961,51.4950655,98
267342170_,-0.1823983,51.4950116,98
1109546267_,-0.1832799,51.4942144,98
1356901661_,-0.1828421,51.4950623,98
5898890847_,-0.1831717,51.4949502,98
6584208462_,-0.1825534,51.4959351,98
109873_,-0.1859391,51.4947598,113
27481208_,-0.1850099,51.4958465,113
76528129_,-0.1860859,51.49581,113
76528946_,-0.1859315,51.4959279,113
78530684_,-0.1855621,51.4955476,113
95951070_,-0.186509,51.4943679,113
941233909_,-0.1871416,51.4942679,113
941233934_,-0.1871561,51.4943157,113
941233944_,-0.1868535,51.4943465,113
1126517225_,-0.1845973,51.4942735,113
1260002921_,-0.185952,51.4948401,113
1784091841_,-0.1849488,51.4952404,113
4749990829_,-0.1848838,51.4948407,113
5898890854_,-0.1872794,51.4946564,113
5940891836_,-0.1849216,51.494929,113
7660089539_,-0.1862725,51.4955129,113
7660089544_,-0.1863826,51.4956613,113
7838663562_,-0.1858632,51.4945187,113
7838663563_,-0.1856685,51.4944564,113
8017452429_,-0.1863176,51.4950879,113
8017452431_,-0.1862569,51.4951833,113
8526839828_,-0.1871584,51.4951916,113
109884_,-0.1955027,51.4946114,158
76629150_,-0.1955604,51.4955021,158
1300015788_,-0.1937478,51.4942982,158
2194809048_,-0.1953552,51.4944472,158
2194809058_,-0.1956131,51.4943508,158
3370178609_,-0.1950691,51.4947138,158
3370178621_,-0.1957409,51.4948989,158
4064309710_,-0.1954857,51.4944707,158
7711465544_,-0.1957145,51.4954557,158
7711465545_,-0.1958539,51.4956189,158
7715719502_,-0.1957819,51.4949474,158
7715719503_,-0.1954011,51.495104,158
7721933067_,-0.1958704,51.4950519,158
7796382287_,-0.1943016,51.4943627,158
109886_,-0.1982076,51.4936713,172
20960099_,-0.198833,51.49379,172
26788887_,-0.1968859,51.4925507,172
26788890_,-0.1980717,51.49293,172
26788891_,-0.1965497,51.4934551,172
32584481_,-0.1982639,51.4932989,172
32584483_,-0.1984318,51.4933652,172
356286883_,-0.1979861,51.493748,172
356809886_,-0.198889,51.4934313,172
1853277232_,-0.1987555,51.4936111,172
1853277238_,-0.1986682,51.4936813,172
7184080315_,-0.198376,51.4932607,172
7184080319_,-0.1984803,51.4932262,172
7770538259_,-0.1968397,51.4938004,172
7774922659_,-0.196425,51.4927165,172
7774947817_,-0.1977541,51.4925817,172
7774947818_,-0.1972254,51.4927408,172
7775592084_,-0.1960996,51.4925023,172
109888_,-0.2004886,51.4925271,187
198015_,-0.2000298,51.492511,187
307847785_,-0.2015067,51.4936729,187
356809870_,-0.1992182,51.493121,187
1277962898_,-0.2012807,51.4934698,187
1277963022_,-0.1997944,51.4941456,187
2194668461_,-0.2007142,51.4926506,187
2194774885_,-0.2006692,51.4929307,187
2194782794_,-0.2002967,51.49287,187
2194782796_,-0.2004063,51.4928133,187
2194786530_,-0.2002413,51.4926775,187
7184102013_,-0.2006616,51.4928895,187
7184297266_,-0.2001913,51.4929079,187
7748179116_,-0.2016039,51.4941493,187
197978_,-0.1902412,51.4894801,125
197985_,-0.1878099,51.490074,125
27091651_,-0.1874484,51.4896505,125
57658140_,-0.189728,51.4903352,125
59152904_,-0.1897744,51.4901281,125
59152909_,-0.1896437,51.4899699,125
59152913_,-0.1899,51.4902766,125
300425901_,-0.1895382,51.4896325,125
5013893230_,-0.1882938,51.4889428,125
197979_,-0.191176,51.4908069,141
26788834_,-0.1921366,51.4916055,141
26788865_,-0.1916892,51.4912788,141
32585953_,-0.1922545,51.4916927,141
32588710_,-0.1927011,51.4920293,141
57658138_,-0.190348,51.4910737,141
59164289_,-0.1906982,51.4909554,141
1126184004_,-0.1912496,51.490786,141
1230869974_,-0.1928984,51.4921556,141
4760894872_,-0.1913454,51.490758,141
197981_,-0.1936754,51.492593,157
197982_,-0.1945693,51.4933744,157
20962519_,-0.1941873,51.4929525,157
26788886_,-0.1958416,51.4929297,157
32584485_,-0.1953065,51.4925098,157
57659271_,-0.1938075,51.4926727,157
57660419_,-0.1936331,51.4940985,157
57661162_,-0.1950109,51.4940012,157
59143599_,-0.1947448,51.4936052,157
59143603_,-0.1943455,51.4931132,157
59143608_,-0.1938645,51.4938801,157
59143613_,-0.1934957,51.4934424,157
1300015787_,-0.1936857,51.4940909,157
7775638811_,-0.1955627,51.4927088,157
7775638812_,-0.1958853,51.4925454,157
7796374384_,-0.1946203,51.494157,157
7796382459_,-0.1950486,51.4940572,157
7801727557_,-0.1936517,51.4933869,157
7801727559_,-0.1938647,51.4930943,157
197992_,-0.1832791,51.4812001,90
13566032_,-0.1825087,51.4814287,90
27510581_,-0.182506,51.4802657,90
27510583_,-0.1821407,51.4798324,90
27510702_,-0.1829137,51.4808278,90
27510734_,-0.1841605,51.4808808,90
27512721_,-0.1817141,51.4800566,90
443666758_,-0.1820451,51.4803422,90
443666762_,-0.1825754,51.4803555,90
1135445377_,-0.1841845,51.480392,90
1135445379_,-0.18366,51.4806995,90
1135445381_,-0.1842641,51.4804837,90
1230593312_,-0.1838984,51.480977,90
1230593942_,-0.1831791,51.4811002,90
1270687050_,-0.1818895,51.480838,90
1270687110_,-0.1819877,51.4809409,90
1270687140_,-0.181658,51.4810696,90
3527782559_,-0.1826787,51.4804547,90
3527782560_,-0.1830062,51.4809227,90
5203355746_,-0.1826091,51.4806335,90
6980139088_,-0.1831275,51.4810473,90
6980139093_,-0.1831837,51.4810198,90
8192693679_,-0.184468,51.4814693,90
8192693688_,-0.1841538,51.4814395,90
8194649866_,-0.183545,51.4814565,90
8440069865_,-0.1824145,51.4808715,90
8442220117_,-0.1834532,51.4807279,90
8442220149_,-0.1843843,51.480163,90
198012_,-0.1815955,51.480147,75
13566041_,-0.1808228,51.4797896,75
27510592_,-0.179731,51.4801578,75
27510686_,-0.1801617,51.4801136,75
88746446_,-0.1791457,51.4811115,75
777192809_,-0.1803825,51.481504,75
777192829_,-0.1792058,51.4810947,75
777192843_,-0.1796841,51.4815514,75
777192949_,-0.1794991,51.4815159,75
1270687048_,-0.181549,51.4809535,75
3527782552_,-0.1812414,51.4813403,75
5203355740_,-0.1811682,51.4799431,75
5203355748_,-0.1811748,51.4800758,75
5203369156_,-0.1804787,51.4799696,75
6855666830_,-0.1814622,51.4801204,75
7695996291_,-0.1802833,51.4804479,75
8022461838_,-0.1805186,51.4814832,75
8436834888_,-0.1800322,51.4802406,75
8436834895_,-0.1810289,51.481121,75
8437173071_,-0.1805547,51.48067,75
8437173072_,-0.1804226,51.4807199,75
8437173073_,-0.1801956,51.4806054,75
8437173074_,-0.1805345,51.4808222,75
8437762235_,-0.1790321,51.481144,75
8437762236_,-0.1791303,51.4812914,75
8440071536_,-0.1810699,51.4805946,75
198014_,-0.185443,51.483336,106
26787851_,-0.1857834,51.4831069,106
27125485_,-0.1869756,51.48213,106
27512722_,-0.1863426,51.4827156,106
316311919_,-0.1861442,51.4828683,106
1268387255_,-0.1851843,51.4817234,106
1268387256_,-0.1849836,51.4818119,106
1268387274_,-0.1854248,51.4819277,106
1268387283_,-0.1858302,51.482271,106
1268387319_,-0.1858691,51.4830502,106
1284479053_,-0.187321,51.4816486,106
1284479061_,-0.187167,51.4817525,106
5958334909_,-0.185639,51.4821096,106
5958334911_,-0.1854275,51.4822048,106
5958334912_,-0.1853208,51.4822526,106
8190156090_,-0.1854682,51.4819645,106
8190156091_,-0.1859571,51.4817391,106
8191636270_,-0.1860199,51.4824325,106
8191636271_,-0.1855568,51.4826476,106
8195791341_,-0.1844889,51.4833407,106
198016_,-0.1994515,51.492178,186
21618654_,-0.2001205,51.4913651,186
26788892_,-0.1996866,51.4923198,186
1853277226_,-0.200276,51.4923148,186
4883948937_,-0.199606,51.4920868,186
7330282749_,-0.1995177,51.4922146,186
7755331876_,-0.2004217,51.4920727,186
7755332892_,-0.200958,51.491565,186
7755332893_,-0.2010731,51.4916538,186
198018_,-0.1966916,51.4907355,171
26788874_,-0.198693,51.4917824,171
26788876_,-0.1979085,51.4921945,171
26788877_,-0.1966394,51.4915467,171
26788878_,-0.1973061,51.4910589,171
26788882_,-0.1965008,51.4906422,171
26788888_,-0.1961352,51.4919154,171
26788889_,-0.1975339,51.4923331,171
4883948938_,-0.1968045,51.4906565,171
7330288988_,-0.1966502,51.4907139,171
7330291112_,-0.1965668,51.4906739,171
7330291114_,-0.1964181,51.4907398,171
7777760593_,-0.1961627,51.4908993,171
198021_,-0.1930881,51.4887918,140
26788005_,-0.1914271,51.4890628,140
57650631_,-0.1906626,51.4900525,140
59152916_,-0.190516,51.4898952,140
286962561_,-0.1908636,51.4900432,140
300425896_,-0.1903175,51.4897117,140
1528999942_,-0.1927265,51.4893703,140
1528999945_,-0.1921547,51.4895886,140
1528999947_,-0.1922874,51.4897584,140
1528999978_,-0.191702,51.4901367,140
1528999980_,-0.1927623,51.4902904,140
7782741588_,-0.1909024,51.4903548,140
7782741591_,-0.1914134,51.4901834,140
7783327542_,-0.1907694,51.4896905,140
198038_,-0.1657033,51.4887376,4
26593442_,-0.1670867,51.4881639,4
27512742_,-0.1662165,51.4885355,4
37883503_,-0.1645341,51.4882905,4
37884358_,-0.1643441,51.4871204,4
37884360_,-0.1646485,51.4874622,4
37884367_,-0.1659169,51.4886572,4
37894231_,-0.1663716,51.4884688,4
866577683_,-0.1656304,51.4871044,4
866577687_,-0.1659219,51.4874354,4
866577700_,-0.1662175,51.4877794,4
866577717_,-0.1662781,51.4872988,4
1141868543_,-0.1666003,51.4876658,4
1141868551_,-0.1669762,51.4875344,4
198042_,-0.1701065,51.4869504,33
26593458_,-0.1708322,51.4866858,33
27320418_,-0.1716164,51.4863831,33
27320466_,-0.1707741,51.4867063,33
498694184_,-0.172287,51.4861157,33
498694185_,-0.1720283,51.4858018,33
1134254742_,-0.172887,51.4854127,33
8018801128_,-0.1727815,51.4852489,33
8268862801_,-0.1718909,51.4868399,33
8420111496_,-0.172892,51.4852211,33
9063167721_,-0.1701846,51.4869234,33
198043_,-0.1730491,51.485818,48
26787662_,-0.1736615,51.4867166,48
26787683_,-0.1753626,51.4853731,48
26787685_,-0.1733774,51.4862985,48
88750921_,-0.1741914,51.4852702,48
8420111494_,-0.1729553,51.4853969,48
198046_,-0.1767653,51.4839664,62
198047_,-0.176982,51.4834489,62
26787826_,-0.17791,51.4835516,62
27510797_,-0.1786151,51.4848429,62
27512725_,-0.176336,51.4850301,62
990934441_,-0.1760262,51.4839923,62
1268463804_,-0.1774532,51.4839713,62
1268463809_,-0.1777829,51.4837368,62
1268557070_,-0.1769565,51.4836386,62
1268557087_,-0.1767646,51.4835008,62
1268557089_,-0.1764227,51.4836307,62
1268557119_,-0.1761513,51.4839237,62
1268557175_,-0.1761216,51.4837989,62
1271778546_,-0.1766714,51.4840304,62
1271778551_,-0.1768716,51.484193,62
6027585588_,-0.1786867,51.4848926,62
198048_,-0.1778393,51.482908,61
198049_,-0.1786102,51.4826081,61
26787825_,-0.1783421,51.4833776,61
88736253_,-0.1767709,51.4833837,61
88736256_,-0.1765454,51.4831187,61
88742317_,-0.1778358,51.4825893,61
88743929_,-0.1772144,51.4819969,61
88745147_,-0.1761812,51.4827669,61
88746005_,-0.1774947,51.4822518,61
777192735_,-0.1784552,51.4823391,61
833404891_,-0.1772027,51.4828404,61
990934414_,-0.1771974,51.4816848,61
1271345594_,-0.1766226,51.4817329,61
1271346183_,-0.1762648,51.4819661,61
1271376050_,-0.1768006,51.4816514,61
1271399147_,-0.17686,51.4825007,61
7855129758_,-0.1769858,51.4826222,61
7855129759_,-0.1768256,51.4826824,61
7855129909_,-0.1778171,51.4821615,61
7855129920_,-0.1780797,51.4821216,61
7855129993_,-0.1773887,51.4821485,61
7855129994_,-0.1775353,51.4820933,61
7855129995_,-0.1773054,51.4820674,61
7855129996_,-0.1774482,51.4820094,61
8326261854_,-0.1759739,51.4825616,61
198050_,-0.1794575,51.4822878,76
198051_,-0.1802486,51.4820126,76
26787820_,-0.1806933,51.4824382,76
26787823_,-0.1799259,51.4827403,76
26787824_,-0.1791,51.4830655,76
26787844_,-0.1808904,51.4818237,76
88742013_,-0.1791014,51.4824184,76
777192864_,-0.1792885,51.4819824,76
1270420796_,-0.1814803,51.4819534,76
1270420799_,-0.1811337,51.4820857,76
7985579736_,-0.1815782,51.4816835,76
7985579742_,-0.1809874,51.4818046,76
198052_,-0.169717,51.4930231,22
276557_,-0.1689042,51.4937438,22
276558_,-0.168284,51.4936703,22
26389336_,-0.169512,51.4931388,22
26389340_,-0.1689994,51.4935464,22
26389346_,-0.1677471,51.4930667,22
26594443_,-0.1681099,51.4926387,22
29049572_,-0.169228,51.4933089,22
31200011_,-0.1676042,51.4935008,22
31200012_,-0.1674749,51.4934664,22
8047766544_,-0.1683383,51.4941076,22
8299100354_,-0.1692359,51.4927,22
8299100356_,-0.1696792,51.4926165,22
8302088822_,-0.1691798,51.4926623,22
198055_,-0.1711082,51.4922377,36
198056_,-0.1716633,51.4919242,36
198057_,-0.1721642,51.4916124,36
27511227_,-0.1703497,51.4909367,36
27511228_,-0.1706621,51.4907928,36
27512738_,-0.1725263,51.4913904,36
29049574_,-0.1717933,51.4918296,36
892950097_,-0.1723642,51.4917605,36
8299089971_,-0.1712413,51.4916797,36
8299089972_,-0.1709324,51.4918571,36
198058_,-0.173757,51.4906244,51
25291782_,-0.174873,51.4922825,51
26389154_,-0.1756218,51.4909956,51
26389196_,-0.1733232,51.4909091,51
26389209_,-0.1741749,51.4916695,51
892950038_,-0.1729521,51.4911338,51
892950100_,-0.1730222,51.4914457,51
1327234044_,-0.1740891,51.4906585,51
7695666673_,-0.1736623,51.4920834,51
7695666682_,-0.1739155,51.4918526,51
7695684886_,-0.1742325,51.4919381,51
7695684888_,-0.1743623,51.4919172,51
7932564761_,-0.1739636,51.4918751,51
8104285694_,-0.1757079,51.4922806,51
8107462008_,-0.1734356,51.4910095,51
8107462014_,-0.1738518,51.4910209,51
8288640176_,-0.1730355,51.4910833,51
8288640179_,-0.173292,51.490928,51
198060_,-0.1750933,51.489772,50
21103124_,-0.174517,51.4901578,50
26389186_,-0.1753122,51.4889942,50
26389188_,-0.1743628,51.4893806,50
26389189_,-0.1734623,51.4897411,50
27125492_,-0.1756494,51.4893761,50
27320509_,-0.1732539,51.489505,50
27320528_,-0.1741849,51.4891848,50
27512734_,-0.1748034,51.4891962,50
862464665_,-0.1733475,51.4902987,50
892950207_,-0.1750124,51.4898279,50
1356260248_,-0.1756308,51.4897867,50
1356260306_,-0.1753242,51.4899474,50
4353302292_,-0.1733412,51.4896039,50
4353302294_,-0.1742711,51.4892797,50
8107461967_,-0.1738961,51.4905364,50
8107461988_,-0.1746816,51.4902825,50
8107461994_,-0.1746558,51.49056,50
223236_,-0.1857722,51.502089,117
26389506_,-0.1850125,51.5019458,117
26389570_,-0.1870815,51.5015948,117
26389572_,-0.186857,51.502238,117
26389593_,-0.1857829,51.5013745,117
26389594_,-0.1866562,51.5014646,117
27481196_,-0.1861363,51.502134,117
27481197_,-0.1862778,51.5014239,117
862464696_,-0.1845052,51.5018395,117
223238_,-0.1875157,51.5023357,132
11776302_,-0.1889859,51.5023588,132
21539669_,-0.1901228,51.5021461,132
26389559_,-0.1886763,51.5017045,132
26389565_,-0.1878036,51.5016791,132
282218843_,-0.1896482,51.5022158,132
9028639433_,-0.1900504,51.5028074,132
9028639434_,-0.1900261,51.5027359,132
275508_,-0.2058292,51.4966614,219
20960100_,-0.2049447,51.4964273,219
25502542_,-0.205104,51.4977047,219
885331207_,-0.2051988,51.4966291,219
919626550_,-0.206658,51.497205,219
919626557_,-0.2062499,51.4974293,219
919626573_,-0.2061151,51.4974985,219
7396514816_,-0.2073376,51.4966303,219
7396514817_,-0.2074254,51.4965785,219
7397351743_,-0.2074608,51.4967237,219
7397351745_,-0.2070253,51.4968568,219
7401591116_,-0.205802,51.4974135,219
7401591137_,-0.2063956,51.4973492,219
7401591141_,-0.205945,51.4972421,219
7436829680_,-0.2068674,51.496271,219
7436829681_,-0.2069901,51.4962383,219
7746290969_,-0.2049269,51.4964157,219
8193885225_,-0.2049165,51.497017,219
275524_,-0.205028,51.5003041,221
84852048_,-0.206318,51.4999911,221
84852368_,-0.2048034,51.5000931,221
275525_,-0.2041087,51.4993242,205
25481644_,-0.2026323,51.497808,205
84848260_,-0.2024554,51.4978708,205
254436777_,-0.20459,51.4978857,205
254438495_,-0.2026558,51.4985671,205
254438506_,-0.2031358,51.4980098,205
254438566_,-0.2034103,51.4983013,205
255469328_,-0.2021745,51.4994731,205
941091150_,-0.2021023,51.4994157,205
1305563695_,-0.2042106,51.4992761,205
1305563728_,-0.203814,51.4988566,205
1311644660_,-0.2041605,51.4980351,205
4882596901_,-0.2040722,51.499325,205
4882596908_,-0.2040757,51.4991187,205
7429209210_,-0.2025914,51.4991347,205
7429209280_,-0.2037085,51.4981971,205
7432949097_,-0.2022538,51.4983126,205
275529_,-0.2011804,51.4983447,190
25502543_,-0.2016101,51.4988515,190
84840570_,-0.2003393,51.4986251,190
84844244_,-0.1998793,51.4979647,190
84848617_,-0.2005187,51.4985717,190
919629143_,-0.2013654,51.4987485,190
919629149_,-0.1998245,51.4991566,190
919629157_,-0.1997351,51.4991794,190
919629161_,-0.1994852,51.4988561,190
919629162_,-0.2014933,51.4987155,190
1289587710_,-0.1996839,51.4987969,190
1289587739_,-0.2001647,51.4983782,190
1289587740_,-0.2002431,51.4983572,190
7432089427_,-0.2008332,51.4993299,190
7432089428_,-0.20178,51.4990738,190
7432089433_,-0.2007199,51.4991525,190
7432089434_,-0.2009446,51.4994996,190
7432949096_,-0.2013977,51.4986023,190
7432949098_,-0.2017216,51.4984926,190
7432949099_,-0.2016444,51.4984118,190
7732890189_,-0.200058,51.4982295,190
7732890190_,-0.1994674,51.4983817,190
7965029595_,-0.2000243,51.4987103,190
10581897120_,-0.2004525,51.499123,190
276548_,-0.1744846,51.5000732,56
25291706_,-0.175675,51.5011571,56
25291708_,-0.1755578,51.5002184,56
25291709_,-0.1755345,51.499965,56
26389375_,-0.1743629,51.4997905,56
3764277424_,-0.1752505,51.4999865,56
276549_,-0.1798344,51.4996396,86
29353839_,-0.1799105,51.5000396,86
29353841_,-0.1791234,51.5001133,86
391596487_,-0.1815056,51.5012122,86
391597055_,-0.1814849,51.5004512,86
860183704_,-0.1800905,51.5000264,86
860183706_,-0.1800047,51.499623,86
7563549226_,-0.1814753,51.5000835,86
7563549229_,-0.1814843,51.5004251,86
7563549232_,-0.1808982,51.5000755,86
7563549237_,-0.1811331,51.5002736,86
7563549239_,-0.1809298,51.5006361,86
7852668872_,-0.1792584,51.5008218,86
7852668873_,-0.1789533,51.500844,86
276550_,-0.1796595,51.4979553,85
276551_,-0.1796818,51.4988574,85
26389449_,-0.1794398,51.4977774,85
26389476_,-0.1806007,51.4987908,85
26389479_,-0.1806962,51.4991931,85
26389509_,-0.1814573,51.4993919,85
27481160_,-0.1809681,51.4987642,85
33709382_,-0.1808352,51.4978622,85
33709383_,-0.181586,51.4978281,85
80162879_,-0.1809101,51.4982666,85
265563775_,-0.1805047,51.4984375,85
265563776_,-0.1803866,51.4978886,85
860183709_,-0.1798464,51.4988455,85
3960600156_,-0.1794846,51.4979676,85
6524005153_,-0.1789309,51.4993845,85
6524005154_,-0.1787113,51.4986494,85
6524005155_,-0.1790201,51.4986271,85
7569836998_,-0.1813917,51.499142,85
7569836999_,-0.1814171,51.4992917,85
8154276788_,-0.1815745,51.4977806,85
276552_,-0.1837688,51.4976509,99
78532467_,-0.1838452,51.4962828,99
80161627_,-0.1831449,51.497689,99
1126210963_,-0.1834882,51.4967175,99
1265917665_,-0.1833835,51.4963882,99
1265917715_,-0.1833249,51.4961783,99
1265917784_,-0.1827936,51.4966827,99
1265917786_,-0.1825778,51.4960219,99
1691189553_,-0.1834716,51.496665,99
6584208461_,-0.1828219,51.4967624,99
8154276758_,-0.1837067,51.4971356,99
8154276789_,-0.1832014,51.4976858,99
8154276790_,-0.1832151,51.4976838,99
8154276803_,-0.1837505,51.4975237,99
8157532398_,-0.1837369,51.4974676,99
276553_,-0.1800932,51.4912879,81
21105396_,-0.1811007,51.4910268,81
26389046_,-0.1804544,51.4915949,81
26389048_,-0.1791679,51.4916851,81
26389049_,-0.1792771,51.4916304,81
26514299_,-0.181492,51.4918804,81
26514309_,-0.1808527,51.4920777,81
27089847_,-0.1809048,51.4906973,81
27125491_,-0.1806803,51.4911294,81
95953254_,-0.1787498,51.4919066,81
300425843_,-0.1791527,51.4922554,81
1132242827_,-0.1811448,51.4906421,81
7858977990_,-0.1806783,51.4918663,81
7858977991_,-0.1810792,51.4917616,81
8117866091_,-0.1808562,51.4906156,81
8117866093_,-0.18056,51.4907983,81
276554_,-0.1831019,51.4907765,96
26389019_,-0.1834684,51.4923524,96
26389044_,-0.1839697,51.4921942,96
26389045_,-0.182177,51.4912081,96
26389053_,-0.184229,51.4908737,96
26389054_,-0.1819498,51.4908754,96
27125489_,-0.1839766,51.4908457,96
27321823_,-0.1825606,51.4910983,96
27321829_,-0.1829566,51.4916858,96
27321842_,-0.1823696,51.4908134,96
7544457427_,-0.1831213,51.4909894,96
7858977925_,-0.1818682,51.4917665,96
8154123707_,-0.1829902,51.4906382,96
276555_,-0.1783562,51.4924093,67
276556_,-0.1786377,51.4938562,67
20963434_,-0.1759549,51.4932598,67
20963435_,-0.1767121,51.4940136,67
25291780_,-0.1773466,51.4939643,67
26389029_,-0.1784325,51.4928136,67
26389030_,-0.1772118,51.4931893,67
26389219_,-0.1775717,51.4924744,67
26389361_,-0.1761452,51.4940611,67
300413472_,-0.1762136,51.4929291,67
300413476_,-0.1763553,51.4930683,67
300425813_,-0.1765892,51.4929607,67
300425814_,-0.1768706,51.4932326,67
300425816_,-0.1769616,51.4936416,67
300425819_,-0.177584,51.4939458,67
300425835_,-0.1784108,51.4926936,67
860183697_,-0.1785769,51.4926848,67
1358379359_,-0.1785458,51.4933636,67
1358379368_,-0.1774934,51.4934909,67
5146341249_,-0.1758991,51.4940817,67
276559_,-0.1662771,51.495265,8
26389328_,-0.1660567,51.4957455,8
26389359_,-0.1667085,51.4944188,8
26593000_,-0.1652837,51.4958299,8
26593005_,-0.1657568,51.4955574,8
302397745_,-0.1664046,51.4948389,8
302397746_,-0.1668845,51.4945293,8
302397749_,-0.1665791,51.4943538,8
7143435496_,-0.1658735,51.4949754,8
7143435499_,-0.1662983,51.4947732,8
8049093615_,-0.1662353,51.4952885,8
8049093616_,-0.1664501,51.4954211,8
8049093660_,-0.1651279,51.4959116,8
11776193_,-0.1953293,51.5001711,161
11776194_,-0.1943582,51.5005615,161
11776196_,-0.193281,51.5010133,161
25502534_,-0.1957561,51.5006318,161
25502535_,-0.1960365,51.5009355,161
26389631_,-0.196022,51.4999208,161
26389654_,-0.1947544,51.5009947,161
84829598_,-0.1948732,51.5003365,161
376496875_,-0.1935964,51.5001305,161
376496966_,-0.1939158,51.4997498,161
941120068_,-0.1946284,51.4998407,161
973649552_,-0.1954006,51.5002479,161
973649556_,-0.1949423,51.5004097,161
1288838199_,-0.1935546,51.5012732,161
1289493926_,-0.1946821,51.4998316,161
1289587652_,-0.1954551,51.5007408,161
1414777246_,-0.1945921,51.5010554,161
1414777249_,-0.193805,51.5013498,161
1508464354_,-0.1935193,51.5008764,161
7442901082_,-0.1950374,51.5008922,161
7444335519_,-0.1952465,51.5008164,161
7444335520_,-0.1955679,51.5011614,161
11776198_,-0.1936921,51.5014141,162
25502539_,-0.1948773,51.502698,162
33042558_,-0.193611,51.5029179,162
33042560_,-0.1951804,51.503166,162
91803454_,-0.1938888,51.5028693,162
91806193_,-0.1934789,51.5027151,162
5515456580_,-0.1948962,51.502727,162
11776202_,-0.1907834,51.500662,146
26389642_,-0.193096,51.5003125,146
1288802762_,-0.1922093,51.4998247,146
1291086770_,-0.1928954,51.5000018,146
1291086772_,-0.1930057,51.4999754,146
1291284824_,-0.1909968,51.5008404,146
1291284829_,-0.1916301,51.5003692,146
1419238408_,-0.1912385,51.5000142,146
1508464351_,-0.1925093,51.5012385,146
7637228289_,-0.1905688,51.5001538,146
12195530_,-0.1849902,51.4973772,114
27481207_,-0.186936,51.4962359,114
78528068_,-0.1872878,51.4963931,114
78528073_,-0.1873493,51.4962302,114
78531835_,-0.1850445,51.4962326,114
78532473_,-0.1858084,51.496297,114
386057801_,-0.1848699,51.4975616,114
506861598_,-0.1850572,51.4965631,114
1691189557_,-0.1867578,51.4966753,114
1691189588_,-0.1850258,51.4969741,114
1691189602_,-0.1867386,51.4970625,114
7601243051_,-0.1859753,51.4974776,114
7654237689_,-0.1870297,51.4974677,114
7658063114_,-0.1850427,51.4962152,114
12195919_,-0.1803079,51.5014552,87
26389508_,-0.1815054,51.50144,87
385312258_,-0.179486,51.5015331,87
391596009_,-0.180612,51.5014443,87
5838630847_,-0.1803313,51.5015909,87
5838630853_,-0.1803646,51.5017148,87
12196057_,-0.1733141,51.4945378,53
20963439_,-0.1734534,51.4952316,53
25291778_,-0.1747259,51.4945823,53
32826964_,-0.1757152,51.4956008,53
300425805_,-0.1757118,51.494527,53
300425806_,-0.1754354,51.4945441,53
300425807_,-0.1755604,51.4950166,53
1360237602_,-0.1740503,51.4949932,53
2360746811_,-0.175071,51.4956524,53
3158128762_,-0.174183,51.4943878,53
3417174536_,-0.1755411,51.4949434,53
3417174537_,-0.1757826,51.4949186,53
3925964624_,-0.1737606,51.4953003,53
4458567522_,-0.1744141,51.4943482,53
5898995362_,-0.1750535,51.4955733,53
6280192964_,-0.1735419,51.4957925,53
6280192965_,-0.1735231,51.4957055,53
6553962970_,-0.1757444,51.4957001,53
7902276163_,-0.1746921,51.4941833,53
8339646080_,-0.1737316,51.4958459,53
13566029_,-0.1833706,51.4822407,91
13566030_,-0.1840625,51.4819659,91
26787842_,-0.1822155,51.4831658,91
26787848_,-0.1820083,51.4833427,91
27510767_,-0.1824891,51.4825864,91
1270476284_,-0.183153,51.4832442,91
1270476285_,-0.1829043,51.4833396,91
1270672981_,-0.1818235,51.4819238,91
1270672988_,-0.1827998,51.4816778,91
8194649861_,-0.1835149,51.4821834,91
8194649864_,-0.1838279,51.4820591,91
8194649865_,-0.1828536,51.4817323,91
14454852_,-0.1966207,51.4958952,173
20960098_,-0.1961118,51.4953293,173
26389671_,-0.1982539,51.4952984,173
84837565_,-0.1985351,51.4957748,173
1023871613_,-0.1970326,51.4957244,173
1023871650_,-0.1978042,51.4954553,173
1230870043_,-0.1968895,51.4957743,173
2808877323_,-0.1964575,51.4956904,173
2808877328_,-0.1967329,51.4959709,173
6034323495_,-0.1978915,51.4946837,173
6034323498_,-0.1982605,51.4945569,173
7706821119_,-0.1960882,51.4953032,173
7721933068_,-0.1963127,51.4948993,173
7729851052_,-0.198669,51.4951537,173
7729851055_,-0.1983253,51.4952735,173
14454856_,-0.2019266,51.4940333,202
33206660_,-0.2043053,51.4923958,202
33206663_,-0.2044552,51.4935561,202
33206705_,-0.2041734,51.4932989,202
307847790_,-0.2025537,51.4932407,202
307847796_,-0.202131,51.4934669,202
307847987_,-0.2038137,51.4939363,202
6669481090_,-0.2020817,51.4926635,202
9240848320_,-0.2041972,51.4936975,202
9240848324_,-0.2045436,51.4939707,202
9240848325_,-0.203913,51.4934356,202
9241264967_,-0.2044724,51.4935693,202
14457894_,-0.1693434,51.495872,23
14457897_,-0.1691263,51.4953181,23
21105283_,-0.1687851,51.4947024,23
26389322_,-0.1681248,51.4955419,23
27089782_,-0.1694208,51.4952601,23
27089783_,-0.1691657,51.4947242,23
27089784_,-0.1696743,51.4957927,23
96087926_,-0.1685492,51.494985,23
277313428_,-0.1687675,51.4946227,23
277313430_,-0.1683605,51.494518,23
277313432_,-0.1678386,51.4947216,23
1960954870_,-0.1688376,51.4947875,23
18126595_,-0.2061317,51.4986857,220
919626524_,-0.2068275,51.4979326,220
919626552_,-0.2075335,51.4985996,220
919626559_,-0.2069395,51.4983085,220
919626561_,-0.2067666,51.4983793,220
919626565_,-0.2060329,51.4986366,220
941090981_,-0.2072829,51.4990813,220
4882563266_,-0.2075565,51.4980559,220
4882596899_,-0.2058519,51.4986483,220
4882596909_,-0.2059417,51.4985345,220
4882596911_,-0.2062101,51.4986037,220
18126978_,-0.2059079,51.4892522,215
18126986_,-0.2073678,51.489841,215
20961322_,-0.2074759,51.4899769,215
20961325_,-0.2070871,51.4894248,215
20961326_,-0.2068096,51.489003,215
20961349_,-0.2062097,51.4896562,215
20961350_,-0.2065985,51.4903177,215
33203753_,-0.2052523,51.4895104,215
33203760_,-0.2061546,51.489578,215
33203791_,-0.2065481,51.4902049,215
33203810_,-0.2049588,51.4904708,215
1643396709_,-0.2067683,51.4902851,215
3796962982_,-0.205461,51.4888703,215
7080456656_,-0.2066118,51.4903475,215
7612835923_,-0.2050858,51.4896958,215
7612835924_,-0.2053957,51.4897938,215
7612835925_,-0.2051017,51.4896676,215
9245080293_,-0.2052364,51.4904567,215
9245080294_,-0.2052017,51.4902838,215
9246500465_,-0.2066951,51.4905353,215
18126999_,-0.20443,51.4885319,199
18127003_,-0.2033666,51.4871433,199
20961139_,-0.2035374,51.4874882,199
33202900_,-0.202056,51.4881359,199
33202944_,-0.2020418,51.4885061,199
33203086_,-0.202473,51.4872346,199
33203089_,-0.202873,51.4872883,199
33203109_,-0.2029057,51.4884257,199
312669322_,-0.2036778,51.4870943,199
1128684016_,-0.2031841,51.4878904,199
1128684279_,-0.202621,51.487193,199
1128684427_,-0.202503,51.4886657,199
1128684640_,-0.2029177,51.4886634,199
1270275716_,-0.2040326,51.4882815,199
1270275717_,-0.2044144,51.4881794,199
1270275718_,-0.2039363,51.4874203,199
1270275719_,-0.2037517,51.4870506,199
3567185624_,-0.2018445,51.4879777,199
6809837965_,-0.2036119,51.4886819,199
7612835972_,-0.202387,51.4871709,199
8027254750_,-0.2032011,51.4877093,199
18127012_,-0.2008979,51.483341,181
20962509_,-0.2002123,51.4824884,181
20962510_,-0.1994494,51.4816473,181
25321881_,-0.1998759,51.4820429,181
25321884_,-0.1994348,51.4822041,181
25321887_,-0.1991926,51.4833811,181
25321888_,-0.1999626,51.4821503,181
25321889_,-0.200616,51.4829704,181
25321890_,-0.2005622,51.4829076,181
25321891_,-0.2003228,51.4826173,181
33140513_,-0.1990353,51.4818436,181
774500564_,-0.2003649,51.4820255,181
774500567_,-0.2001931,51.4818226,181
18127021_,-0.184878,51.4837234,107
26787850_,-0.1871397,51.4840829,107
26787867_,-0.1873248,51.4849512,107
26787870_,-0.186013,51.4839129,107
26787871_,-0.1849348,51.4845812,107
26787879_,-0.1855092,51.4850467,107
26787880_,-0.1865318,51.4844463,107
1271493937_,-0.1846695,51.4834036,107
1277140150_,-0.1862271,51.4846288,107
8172976112_,-0.1865179,51.4847832,107
8194445905_,-0.1845857,51.4834359,107
18127028_,-0.1804353,51.4862786,78
26787711_,-0.1792765,51.4853146,78
26787713_,-0.1805523,51.4862107,78
26787759_,-0.1798038,51.4866308,78
26787773_,-0.1813465,51.4857441,78
27090013_,-0.1813419,51.4869683,78
27125487_,-0.1811691,51.4858528,78
27510821_,-0.1797042,51.485615,78
27510822_,-0.1802843,51.4853168,78
27512726_,-0.1787477,51.4868969,78
866578249_,-0.1799608,51.4857952,78
866578376_,-0.1795277,51.4867988,78
866578407_,-0.1802137,51.4863996,78
1212944158_,-0.1800211,51.4852343,78
1275616136_,-0.1802365,51.4859889,78
1275637175_,-0.1794619,51.4854448,78
7690717505_,-0.1792056,51.4852639,78
8152084025_,-0.1812003,51.4861157,78
8152084026_,-0.1809763,51.4859647,78
8152084055_,-0.180741,51.4861012,78
8152084056_,-0.1809799,51.4862671,78
8210477951_,-0.1810818,51.4855608,78
8210477952_,-0.1808299,51.4857062,78
8212713647_,-0.1803322,51.4856526,78
8222886566_,-0.1797191,51.4861077,78
8222886682_,-0.1792558,51.4855592,78
18127030_,-0.1791002,51.4870901,79
18127040_,-0.1811187,51.4885962,79
26389091_,-0.1788177,51.488181,79
26389092_,-0.1794691,51.4885874,79
27089886_,-0.1815863,51.4883846,79
27089997_,-0.1803136,51.4879741,79
27090010_,-0.1807602,51.4872486,79
27090012_,-0.1804945,51.4873797,79
27091711_,-0.179906,51.4882002,79
27091713_,-0.1801975,51.4882869,79
1292917211_,-0.1798662,51.4875112,79
8121104719_,-0.1800033,51.4881463,79
8131686423_,-0.1797649,51.4875665,79
18127033_,-0.1781277,51.4877386,64
18127035_,-0.1769348,51.4885061,64
8117778957_,-0.1768862,51.4885388,64
8242013102_,-0.1774857,51.4881513,64
8242013105_,-0.1776043,51.488075,64
8242038021_,-0.1775952,51.4873576,64
8242038022_,-0.1773231,51.4875052,64
8242038043_,-0.1774753,51.4872719,64
8242038044_,-0.1773089,51.4873584,64
18127048_,-0.1769467,51.4856097,63
26787661_,-0.1759206,51.4859716,63
26787666_,-0.176449,51.4865486,63
26787667_,-0.1775738,51.4861269,63
26787758_,-0.1784907,51.4856895,63
27510798_,-0.1778131,51.4852126,63
27510831_,-0.1770815,51.4863111,63
27510863_,-0.1767713,51.4867682,63
8227167413_,-0.1786231,51.4852886,63
8241082898_,-0.1764726,51.486539,63
18127062_,-0.1950644,51.4876838,154
33202490_,-0.1942623,51.4879893,154
316311920_,-0.1941045,51.4880489,154
776999464_,-0.193768,51.4881731,154
776999468_,-0.1944352,51.4879285,154
777123433_,-0.1940388,51.4879758,154
851320215_,-0.1935854,51.4882419,154
851320242_,-0.1938223,51.4884865,154
4760894875_,-0.1943763,51.4880999,154
4760894877_,-0.194341,51.4879635,154
4993684820_,-0.1941384,51.4879367,154
4993686122_,-0.1942435,51.4879958,154
7764053660_,-0.1944684,51.488179,154
7764053661_,-0.1952637,51.4878805,154
18129852_,-0.1687264,51.4874766,19
27510909_,-0.1683897,51.4883731,19
27510911_,-0.1678725,51.4885431,19
27512740_,-0.1678675,51.4878119,19
37898863_,-0.1673509,51.4870955,19
443034233_,-0.1691487,51.4880184,19
990934497_,-0.1691039,51.4873274,19
1141822830_,-0.169845,51.4870475,19
1141868530_,-0.1675155,51.4873293,19
1141868539_,-0.167211,51.4874409,19
1176892942_,-0.1696901,51.4878609,19
5954974014_,-0.1679253,51.4877882,19
8308257924_,-0.1690381,51.4886482,19
8308257930_,-0.169221,51.4881207,19
8308257931_,-0.1688333,51.4882178,19
8308257942_,-0.1690378,51.4878675,19
8308257943_,-0.1689095,51.4879013,19
8308866286_,-0.1681481,51.4884525,19
8308866287_,-0.1682911,51.4886399,19
20821084_,-0.1853811,51.5045722,118
20821089_,-0.1840588,51.5017381,102
26389510_,-0.1825054,51.5014849,102
391596489_,-0.181847,51.5014415,102
862464796_,-0.1842225,51.5017757,102
1109765914_,-0.1843215,51.5017964,102
1131446873_,-0.1820041,51.5014459,102
7560350729_,-0.1831943,51.5013996,102
20821126_,-0.176677,51.5011122,71
25291703_,-0.176373,51.5007399,71
27481062_,-0.178671,51.4997276,71
304884708_,-0.1766302,51.5009417,71
1315594756_,-0.1781831,51.5006032,71
1317875005_,-0.1781232,51.5007054,71
1691189781_,-0.1760478,51.500665,71
1691189790_,-0.1760854,51.5011463,71
20947178_,-0.1781557,51.5015657,72
1691189798_,-0.176873,51.5013971,72
3764277439_,-0.1769533,51.501555,72
3764277440_,-0.1768358,51.5015561,72
20947404_,-0.1694681,51.5060571,29
1973962692_,-0.1698871,51.5062571,29
7985646084_,-0.1694775,51.5061751,29
20960097_,-0.199224,51.4942259,188
1023871559_,-0.200668,51.4944628,188
1853277242_,-0.199845,51.4949071,188
1853277247_,-0.19992,51.4949267,188
1937948440_,-0.1998227,51.4947497,188
1937948444_,-0.1995184,51.4948574,188
3121866481_,-0.1996312,51.4947011,188
7749860997_,-0.2007535,51.4944341,188
20960814_,-0.1986337,51.4800063,165
20960815_,-0.1974724,51.4804711,165
20960818_,-0.1982888,51.4802069,165
25321719_,-0.1977571,51.48046,165
25321720_,-0.1986024,51.4807803,165
25321727_,-0.1981147,51.4812189,165
25321743_,-0.1971038,51.4807142,165
27122641_,-0.1972158,51.4799285,165
27123732_,-0.1969787,51.4803392,165
1019991259_,-0.1974591,51.4809412,165
1019991745_,-0.1972042,51.4810851,165
1126719655_,-0.1980187,51.481243,165
1286466899_,-0.1987724,51.4813985,165
1286466913_,-0.1986459,51.4815303,165
4210765395_,-0.1963038,51.480153,165
5506179237_,-0.1979723,51.4811844,165
5506179241_,-0.1979261,51.4811505,165
7691262977_,-0.1977234,51.4814212,165
7691262978_,-0.197553,51.4813119,165
20961137_,-0.2062934,51.4871596,214
20961138_,-0.20482,51.4873276,214
20961301_,-0.2055972,51.4879911,214
20961306_,-0.2047202,51.4882328,214
20961343_,-0.2065494,51.4885964,214
20961344_,-0.2062927,51.4882216,214
33203777_,-0.2049761,51.4887025,214
1235704948_,-0.2060658,51.488594,214
1643665737_,-0.2057514,51.4884069,214
1643665746_,-0.2048316,51.488661,214
3796962985_,-0.2058986,51.4886669,214
5670576321_,-0.2054623,51.4872533,214
5670576324_,-0.2049022,51.4873183,214
20961220_,-0.2049771,51.4844321,212
266821720_,-0.2072543,51.483974,212
266821723_,-0.2058495,51.4836005,212
266821724_,-0.2069234,51.4835363,212
268624615_,-0.2068312,51.4834071,212
776736213_,-0.2049967,51.4835618,212
776736288_,-0.2056797,51.483822,212
1115938092_,-0.2051972,51.4839777,212
5196763793_,-0.2047818,51.4844743,212
5196763794_,-0.2050322,51.484566,212
5196797570_,-0.2058148,51.4841234,212
5196797573_,-0.2059738,51.4840959,212
5196797577_,-0.2060129,51.4842513,212
9589031283_,-0.2060498,51.4843287,212
9589031289_,-0.2059967,51.4841422,212
9589031290_,-0.2060837,51.4843749,212
20961222_,-0.2054605,51.4854379,213
20961228_,-0.205578,51.4860274,213
20961229_,-0.2057277,51.4863317,213
20961239_,-0.2072955,51.4856209,213
20961240_,-0.2075847,51.4860295,213
20961251_,-0.2058091,51.486447,213
1095004070_,-0.2068753,51.4851872,213
20961235_,-0.2027357,51.4858298,198
20961236_,-0.2029424,51.4863088,198
20961237_,-0.2031774,51.4867878,198
20961256_,-0.202562,51.4854373,198
33202557_,-0.2029638,51.486365,198
33202777_,-0.20217,51.4869018,198
312670730_,-0.2025416,51.4855437,198
1128684240_,-0.2021658,51.4861869,198
1128684319_,-0.2028625,51.4860888,198
1128684450_,-0.2022917,51.4864393,198
1128684752_,-0.2018468,51.4862391,198
1287490238_,-0.201923,51.4856523,198
1924409895_,-0.2023011,51.4859126,198
4404156358_,-0.2023732,51.4851999,198
4404156382_,-0.2019187,51.4852856,198
8437036230_,-0.2027072,51.4864011,198
8437036237_,-0.2028645,51.4867633,198
20962504_,-0.2074786,51.4808821,210
20962505_,-0.2054914,51.4806407,210
25322181_,-0.2054521,51.4813805,210
25322183_,-0.2051015,51.4805927,210
25322216_,-0.2051505,51.4801244,210
25322217_,-0.2054822,51.4805366,210
25322218_,-0.2075114,51.4799177,210
25322245_,-0.2071795,51.4808411,210
25322260_,-0.2070941,51.4808295,210
25322274_,-0.2072963,51.4803878,210
1149064290_,-0.2063391,51.4807298,210
9528957871_,-0.2066082,51.4804283,210
20962506_,-0.2035931,51.4803367,195
20962508_,-0.2022633,51.4800462,195
25321969_,-0.2022966,51.4807869,195
25321975_,-0.2029792,51.4805898,195
25322172_,-0.2037288,51.480368,195
25322366_,-0.2024654,51.4798676,195
25322377_,-0.2045527,51.48052,195
776893991_,-0.202095,51.48055,195
8568191220_,-0.2025118,51.4800805,195
20962511_,-0.1992873,51.4815082,180
20962512_,-0.1990602,51.4807406,180
25321716_,-0.1990856,51.4808906,180
25321731_,-0.1991853,51.481541,180
25321919_,-0.2017769,51.4801791,180
25321920_,-0.200713,51.4805116,180
25321943_,-0.2004298,51.4801475,180
776893985_,-0.2016955,51.4806675,180
778718356_,-0.2002692,51.4809082,180
778718357_,-0.2001096,51.4806412,180
7833286947_,-0.2002172,51.480184,180
20963414_,-0.1837021,51.4985662,100
26389502_,-0.1836684,51.4993959,100
26389505_,-0.1842701,51.4995675,100
80159855_,-0.1833193,51.4985939,100
80161623_,-0.1832674,51.4980845,100
80164306_,-0.1836816,51.4991694,100
941233614_,-0.1842698,51.4988055,100
7569837026_,-0.1817163,51.4991182,100
7569837027_,-0.1817517,51.4992972,100
7569837067_,-0.1827898,51.4990394,100
7569837069_,-0.1829361,51.4991189,100
7597690230_,-0.1837012,51.4985924,100
10160409938_,-0.1844647,51.4988918,100
20963419_,-0.1850914,51.4991603,115
20963421_,-0.1859435,51.4992799,115
26389504_,-0.1848699,51.499552,115
27481202_,-0.1859596,51.4985635,115
27481205_,-0.1859702,51.4978272,115
86107987_,-0.1850275,51.4991009,115
86108112_,-0.1851002,51.499016,115
365090020_,-0.1851797,51.4991158,115
386254357_,-0.1852204,51.4992086,115
386254358_,-0.1854822,51.4992777,115
941233607_,-0.184495,51.499198,115
20963425_,-0.1881498,51.4993332,130
26389627_,-0.1888338,51.4993567,130
26389629_,-0.1890896,51.4987802,130
27481203_,-0.1881893,51.4985651,130
27481204_,-0.188226,51.4978522,130
371156454_,-0.1889464,51.4982935,130
371156457_,-0.1882038,51.4982838,130
386254334_,-0.1893561,51.4982989,130
386254378_,-0.188887,51.4994998,130
7608471562_,-0.1896066,51.4985856,130
7637228324_,-0.1897681,51.49943,130
7644979847_,-0.1885801,51.4982887,130
7644979852_,-0.189094,51.4984198,130
7656273138_,-0.1889179,51.4982931,130
7656273258_,-0.1893781,51.4982277,130
20963431_,-0.1819356,51.4933904,97
26389003_,-0.1839378,51.493076,97
26389023_,-0.1830603,51.4924815,97
26389024_,-0.1822275,51.4927361,97
267342173_,-0.1816977,51.4930989,97
1106482659_,-0.1844533,51.4940014,97
1109546271_,-0.1831751,51.4940178,97
1126517229_,-0.1835094,51.4939437,97
8154094266_,-0.1843177,51.4937678,97
21105391_,-0.1757842,51.4844772,47
26593459_,-0.1734098,51.483865,47
26593460_,-0.1745712,51.4850779,47
27512727_,-0.1748141,51.4849546,47
88750437_,-0.1729452,51.4840243,47
88760248_,-0.1729656,51.4850009,47
990934423_,-0.1741142,51.4834898,47
990934436_,-0.175515,51.4842141,47
990934440_,-0.1751792,51.4843538,47
1268682062_,-0.1750499,51.4837463,47
1268682063_,-0.1748026,51.4838393,47
21105395_,-0.173934,51.4826356,46
88736210_,-0.1753129,51.4818063,46
759801319_,-0.172934,51.4833574,46
833404901_,-0.1753621,51.4831296,46
990934417_,-0.1732561,51.4829012,46
990934418_,-0.1742729,51.4829729,46
990934419_,-0.1735966,51.4832401,46
990934421_,-0.1746011,51.4832996,46
1268634679_,-0.1733448,51.483274,46
7843989526_,-0.1734595,51.4821633,46
8326261856_,-0.1755381,51.4821122,46
21539667_,-0.1893178,51.5003894,131
26389545_,-0.1878583,51.5002639,131
26389548_,-0.1880013,51.500585,131
26389563_,-0.1878531,51.5010677,131
26389615_,-0.1874414,51.499926,131
86110240_,-0.1885122,51.500407,131
941156741_,-0.1891537,51.5000051,131
1419238433_,-0.1892652,51.5010367,131
1425294936_,-0.1901078,51.5012587,131
1938018127_,-0.1895947,51.50098,131
7627888285_,-0.1896948,51.5012014,131
25291785_,-0.1731753,51.493112,52
27089794_,-0.1752213,51.4925971,52
27089795_,-0.1751614,51.4925407,52
27089797_,-0.1746262,51.4928947,52
255697000_,-0.1755664,51.4941089,52
1169725686_,-0.1742004,51.4939971,52
4147738097_,-0.1755096,51.493457,52
5146303884_,-0.1740224,51.4936566,52
5146350397_,-0.1745434,51.4937029,52
7902276164_,-0.1746694,51.494124,52
7932553674_,-0.1746386,51.492397,52
7932564786_,-0.1740869,51.4926666,52
8104285696_,-0.1754986,51.4924532,52
25321736_,-0.1957627,51.4823378,151
33140416_,-0.1955553,51.482653,151
33140431_,-0.1949927,51.4828707,151
33140840_,-0.1938627,51.4829491,151
1112209223_,-0.1944563,51.4833183,151
7851393484_,-0.1952784,51.4823554,151
7851393487_,-0.1954686,51.4824667,151
8328711485_,-0.1955738,51.4826735,151
25321886_,-0.198827,51.4829546,166
766490939_,-0.1962856,51.4828801,166
1131453695_,-0.1964886,51.4819399,166
1131453703_,-0.1965472,51.481988,166
8332071462_,-0.1970579,51.4833845,166
25321896_,-0.1974242,51.4840034,167
33140539_,-0.1964433,51.4843702,167
33140582_,-0.1976947,51.4843595,167
33140583_,-0.1981119,51.4848188,167
33140757_,-0.1969135,51.4849573,167
3983732745_,-0.1963791,51.4843928,167
8326237478_,-0.198427,51.4847437,167
8326237479_,-0.1983625,51.4846476,167
8332071464_,-0.1970129,51.4834098,167
8332071466_,-0.1968999,51.4834588,167
8742986874_,-0.1964813,51.4844197,167
8742986876_,-0.1966035,51.4845761,167
8754926201_,-0.1974504,51.4840479,167
25321978_,-0.2030234,51.481638,196
25321980_,-0.2036368,51.482356,196
25321990_,-0.2032899,51.4824723,196
25322137_,-0.2023529,51.4818793,196
266821716_,-0.2025407,51.4832368,196
776736161_,-0.2027933,51.4831055,196
776736207_,-0.2038217,51.4823022,196
776736241_,-0.2039586,51.4826482,196
776736265_,-0.2042915,51.4821241,196
776736270_,-0.2029282,51.4830747,196
776736281_,-0.2038305,51.4826955,196
995867128_,-0.2022777,51.483077,196
1115987167_,-0.2045204,51.4823543,196
5203508684_,-0.2026738,51.4829746,196
25322174_,-0.2049385,51.4818919,211
25322177_,-0.2055805,51.4816748,211
25322197_,-0.2058805,51.4821159,211
25322198_,-0.206193,51.4825672,211
25322199_,-0.2064931,51.4829727,211
266821725_,-0.2055572,51.4831726,211
266821726_,-0.2059542,51.4822053,211
266821727_,-0.2047798,51.482635,211
266821728_,-0.205117,51.4825009,211
776736201_,-0.2048489,51.4833676,211
776881026_,-0.2061502,51.482859,211
25473586_,-0.1741403,51.4986192,55
25473589_,-0.1734311,51.4981251,55
25473591_,-0.1733774,51.4979034,55
26389442_,-0.1734544,51.4982211,55
29354228_,-0.1751675,51.4980995,55
29354253_,-0.1753731,51.4990053,55
34519894_,-0.1740421,51.4981715,55
1770238794_,-0.1748888,51.4981216,55
1770238800_,-0.1752868,51.4986289,55
6247030343_,-0.175431,51.4994493,55
7369674876_,-0.1740447,51.4981811,55
7933770414_,-0.1748669,51.4980038,55
8339646088_,-0.1742131,51.4981681,55
8357438374_,-0.175688,51.4980603,55
25473590_,-0.1716726,51.4982613,40
25473592_,-0.1715166,51.4980503,40
26389434_,-0.1716958,51.4985293,40
26389795_,-0.1708406,51.4988977,40
387940757_,-0.1708971,51.4991226,40
415142096_,-0.1717479,51.4987987,40
1108317792_,-0.1721722,51.4987669,40
25502513_,-0.1963493,51.502746,177
25502516_,-0.1973562,51.5023764,177
25502519_,-0.196908,51.5018795,177
25502521_,-0.1964631,51.5013976,177
941091174_,-0.1982768,51.5027521,177
941091197_,-0.1974054,51.5030096,177
941091203_,-0.1970603,51.5028766,177
1011806789_,-0.1965998,51.5026632,177
1011806794_,-0.1966794,51.5028061,177
5515453610_,-0.1964004,51.5028511,177
5515453611_,-0.1963733,51.5027915,177
5515453619_,-0.1971553,51.5028684,177
7449297015_,-0.1980866,51.5027716,177
7449297023_,-0.197933,51.5029713,177
7449297078_,-0.1967363,51.5031678,177
7449297086_,-0.1969803,51.5029808,177
25502523_,-0.1990289,51.5011257,191
7432089397_,-0.2011485,51.500002,191
25502536_,-0.1981523,51.5001716,176
25502537_,-0.1985901,51.5006481,176
25502538_,-0.1978711,51.4998656,176
941120076_,-0.1985084,51.4999065,176
941120084_,-0.1980543,51.5000649,176
941120089_,-0.1983642,51.4996979,176
973649557_,-0.1960773,51.5000106,176
26373976_,-0.1942965,51.5058457,164
84864295_,-0.1938206,51.5049852,164
84866813_,-0.1936959,51.5066653,164
332515499_,-0.1945126,51.5064932,164
26389001_,-0.1809335,51.4935314,82
26389025_,-0.1815693,51.4929464,82
26389026_,-0.1814211,51.4927639,82
26389027_,-0.1804163,51.493043,82
26389051_,-0.1799924,51.4936638,82
95953252_,-0.1798596,51.4931448,82
267342169_,-0.1814921,51.4934528,82
267342171_,-0.1793898,51.4937486,82
267342174_,-0.180482,51.4932948,82
300425845_,-0.1789821,51.4926591,82
300425852_,-0.179438,51.4933988,82
860183705_,-0.1787936,51.4938325,82
1358083155_,-0.1806072,51.4927423,82
1358083196_,-0.1810616,51.4928734,82
1358156588_,-0.1797675,51.493292,82
6801396084_,-0.1794775,51.4940942,82
26389013_,-0.1809682,51.4952064,83
265563774_,-0.1810594,51.4956148,83
265565438_,-0.1802799,51.4951853,83
267342172_,-0.1797421,51.4952253,83
300425789_,-0.178725,51.4943335,83
860183708_,-0.1788868,51.4943221,83
1116949690_,-0.1800443,51.4952775,83
2180739560_,-0.1790869,51.4953511,83
2180739564_,-0.1789213,51.4953653,83
2180744123_,-0.1790682,51.495268,83
2180744124_,-0.1789052,51.4952803,83
6801396075_,-0.1796847,51.4949801,83
7579269822_,-0.1801406,51.4957099,83
7579269823_,-0.1805354,51.4956808,83
26389034_,-0.1854624,51.4935276,112
26389035_,-0.186689,51.4932246,112
26389038_,-0.185738,51.4926854,112
95951000_,-0.1860683,51.493398,112
95951173_,-0.1869894,51.4938912,112
941267819_,-0.186479,51.49306,112
941267822_,-0.1863751,51.4933096,112
1106482697_,-0.1847922,51.4936739,112
26389036_,-0.1877437,51.4929063,127
26788835_,-0.1897622,51.4929298,127
27322867_,-0.1883032,51.4936975,127
57680058_,-0.1892417,51.4924782,127
59191983_,-0.1874653,51.4925173,127
1288714201_,-0.1899055,51.4941271,127
4993686124_,-0.1891769,51.4923947,127
6210383753_,-0.1891955,51.4924794,127
26389037_,-0.1872803,51.492253,111
26389043_,-0.1847841,51.4919348,111
26966609_,-0.1860585,51.4906278,111
57650629_,-0.1866124,51.4913336,111
7823774174_,-0.1859977,51.4906476,111
26389078_,-0.179215,51.4901781,80
27089826_,-0.1789767,51.489877,80
6309420802_,-0.1799678,51.4891216,80
26389089_,-0.178332,51.4892987,65
26389090_,-0.1776195,51.4889277,65
26389156_,-0.1770347,51.4904469,65
26389162_,-0.1766425,51.490145,65
26389164_,-0.1779478,51.4901458,65
26389165_,-0.1775064,51.4896972,65
26389167_,-0.1763111,51.4889095,65
27089823_,-0.1780815,51.4902966,65
27089824_,-0.1785625,51.4900798,65
27089825_,-0.1782566,51.489724,65
27089828_,-0.1763951,51.4892807,65
27089830_,-0.1768429,51.4895934,65
27089831_,-0.1766441,51.489129,65
1215562273_,-0.1777196,51.4895867,65
1360295761_,-0.1781642,51.4900379,65
1360295854_,-0.1783019,51.4902082,65
8116783737_,-0.1762122,51.4893967,65
8117778958_,-0.1786385,51.4894646,65
26389109_,-0.1820022,51.4881632,94
26389112_,-0.1825498,51.4878745,94
26389115_,-0.1831743,51.4883219,94
27091359_,-0.1834539,51.4872799,94
8151908653_,-0.1830938,51.4874344,94
26389123_,-0.185188,51.4898713,110
6027585659_,-0.1869268,51.4891163,110
6027585662_,-0.185964,51.4894657,110
8022322322_,-0.1864317,51.4900327,110
8133565600_,-0.1856973,51.4903617,110
8133565601_,-0.1859408,51.4902617,110
8140892848_,-0.1870631,51.4892559,110
26389135_,-0.1783564,51.4906021,66
26389138_,-0.1775286,51.4910047,66
26389140_,-0.1784577,51.492054,66
26389148_,-0.1763675,51.4915612,66
26389159_,-0.176279,51.4907405,66
27089798_,-0.1766961,51.4918103,66
27089805_,-0.1777707,51.4920219,66
1116142944_,-0.1781366,51.4921948,66
1356260243_,-0.1767156,51.4918252,66
26389190_,-0.1729191,51.4899579,35
26389194_,-0.1713047,51.4899512,35
27510888_,-0.1716268,51.4902772,35
27511262_,-0.1700901,51.4902549,35
27512736_,-0.1710117,51.4900387,35
1208541413_,-0.171544,51.4898753,35
1208541417_,-0.1711193,51.4892648,35
1208556221_,-0.1717134,51.4897801,35
1208556222_,-0.1717424,51.4898121,35
1210775133_,-0.1714978,51.4889074,35
1210775154_,-0.1711139,51.4890403,35
1275741386_,-0.1724553,51.4897508,35
1275741389_,-0.1721543,51.4898528,35
3955065625_,-0.1706044,51.4901648,35
3955065626_,-0.1705705,51.4901327,35
8270176267_,-0.1722035,51.4896296,35
8270176312_,-0.1728701,51.4890701,35
8270176313_,-0.1725128,51.4891931,35
8270202425_,-0.1727423,51.4889253,35
8270202428_,-0.1723827,51.4890453,35
8270202429_,-0.1726169,51.4887863,35
8270202432_,-0.1722567,51.4889054,35
8289796204_,-0.1716191,51.4898514,35
8289796205_,-0.1715051,51.4896912,35
26389198_,-0.1708654,51.4930402,37
26389341_,-0.1717216,51.4937537,37
1115760652_,-0.1724319,51.4925098,37
1260002931_,-0.1717874,51.4941458,37
1275507403_,-0.1708993,51.4936916,37
1275507421_,-0.1707686,51.4935286,37
7932553638_,-0.172748,51.4927728,37
8091273206_,-0.1716864,51.4937503,37
8092987064_,-0.1724446,51.4925237,37
8092987067_,-0.1717443,51.4930613,37
8092987087_,-0.17192,51.4927761,37
8092987089_,-0.172017,51.4928505,37
26389299_,-0.1721366,51.4947492,38
26389300_,-0.1718244,51.4942113,38
26389317_,-0.170848,51.4943997,38
26389318_,-0.1711455,51.4949003,38
26389363_,-0.1703284,51.495642,38
27089790_,-0.1705918,51.4950154,38
27089791_,-0.1707776,51.4953466,38
1668506746_,-0.1725782,51.4954619,38
1668506767_,-0.1726563,51.4956808,38
1960925470_,-0.1717299,51.4958412,38
1960925507_,-0.1717368,51.4958897,38
5898995369_,-0.1723962,51.4958863,38
8089988849_,-0.1709133,51.4955865,38
26389334_,-0.1669816,51.4973316,9
96081242_,-0.1645706,51.4968985,9
96081286_,-0.1647055,51.4968034,9
96082197_,-0.1657419,51.4972463,9
96084414_,-0.1648215,51.496083,9
96084765_,-0.165115,51.4963297,9
96084766_,-0.1648366,51.4964899,9
96086041_,-0.1670604,51.4963539,9
864960547_,-0.1654762,51.4975151,9
864960555_,-0.16636,51.4975951,9
8028496502_,-0.1665494,51.4977044,9
8028496503_,-0.1667477,51.4975701,9
8037680111_,-0.1643224,51.496995,9
8049093661_,-0.1653237,51.4960486,9
26389381_,-0.1695871,51.4988626,25
26389707_,-0.1673979,51.4990959,25
26389709_,-0.1671743,51.4988951,25
26389710_,-0.1679788,51.4980954,25
26389821_,-0.1683618,51.4992624,25
27325233_,-0.1678892,51.4985347,25
27325235_,-0.1675841,51.498276,25
27325322_,-0.1697263,51.4981999,25
277474199_,-0.1681992,51.4984349,25
277474200_,-0.1684893,51.4989977,25
387840694_,-0.1682938,51.4990217,25
387840814_,-0.1677687,51.4991727,25
387940759_,-0.1697,51.4992518,25
392513282_,-0.1688682,51.4989511,25
392513836_,-0.1677194,51.4977904,25
1691189659_,-0.1691001,51.4985972,25
1691189717_,-0.1675196,51.4993729,25
6017246000_,-0.1685069,51.4989955,25
6017246001_,-0.1685401,51.4991018,25
6017303621_,-0.1683568,51.4992458,25
6436441932_,-0.1694705,51.4984388,25
7947144690_,-0.1684391,51.4988708,25
7947144691_,-0.1686539,51.4988327,25
7947144692_,-0.1682819,51.4988952,25
7947246486_,-0.1681923,51.498318,25
7953129352_,-0.1678581,51.4981553,25
7953129353_,-0.1677234,51.4980377,25
26389424_,-0.1764731,51.4980021,70
29354062_,-0.1784653,51.4987613,70
1141096743_,-0.1786008,51.497841,70
1770238802_,-0.1762295,51.4986195,70
6037519341_,-0.1765067,51.4989154,70
6247030341_,-0.1768367,51.4988879,70
6524005152_,-0.1785929,51.4994092,70
6568760609_,-0.176176,51.4986457,70
6731316347_,-0.1778687,51.4978961,70
6768922422_,-0.1785513,51.4993006,70
6768922423_,-0.1784454,51.4993094,70
6768922427_,-0.1773902,51.4988619,70
6768922428_,-0.1774225,51.4990146,70
6768922429_,-0.1778553,51.4988239,70
6768922430_,-0.1779006,51.4989809,70
7371559428_,-0.176597,51.4985885,70
7371559442_,-0.1769303,51.4985286,70
7371559443_,-0.176938,51.4985639,70
7933754373_,-0.1785493,51.4978446,70
7933754376_,-0.1786939,51.4978342,70
9412674892_,-0.1767814,51.4979778,70
10570882344_,-0.177809,51.4980358,70
26389511_,-0.1827042,51.5006259,101
78575336_,-0.1842911,51.4998526,101
80158631_,-0.183686,51.4995814,101
391598206_,-0.1817696,51.500453,101
391600713_,-0.1826849,51.5007094,101
391600770_,-0.1834974,51.5006311,101
1263657535_,-0.1840321,51.5010813,101
1263657574_,-0.183554,51.5009081,101
2122550890_,-0.1825589,51.5012537,101
6602656097_,-0.1827002,51.5006433,101
6602656098_,-0.1820102,51.5006164,101
8870875178_,-0.1826121,51.5010239,101
8870875180_,-0.1831425,51.5010854,101
26389603_,-0.1858876,51.4998726,116
78553405_,-0.1869821,51.5008021,116
88725583_,-0.1872332,51.5005113,116
88725584_,-0.1858224,51.5004503,116
414798360_,-0.1857864,51.5010788,116
26389632_,-0.1948281,51.4979511,160
26389641_,-0.1933838,51.498262,160
84826966_,-0.1933099,51.499291,160
84829790_,-0.1941576,51.4986677,160
84830011_,-0.1952977,51.4987464,160
941120055_,-0.1945653,51.4989386,160
941120060_,-0.1948304,51.4995467,160
1288789783_,-0.1935319,51.4994597,160
7688768309_,-0.1943057,51.4989877,160
7695645293_,-0.1950834,51.4983975,160
7695645295_,-0.1942786,51.4984644,160
7701609309_,-0.1959383,51.4981913,160
26389633_,-0.1944768,51.4973779,159
26389647_,-0.1960376,51.4976872,159
26389667_,-0.1957322,51.497096,159
26389668_,-0.1953396,51.4963508,159
78560463_,-0.1933325,51.4966979,159
78560467_,-0.1939112,51.4964675,159
78563256_,-0.1938624,51.4962513,159
84835616_,-0.1959896,51.4965421,159
371156861_,-0.1932057,51.4972317,159
941156846_,-0.1948578,51.4964328,159
7707193172_,-0.1948569,51.4967862,159
26389634_,-0.1925323,51.497811,145
26389635_,-0.1928287,51.4983815,145
26389636_,-0.1929438,51.4986273,145
26389638_,-0.1923452,51.4988998,145
84826413_,-0.1925776,51.4994307,145
1156301631_,-0.1915352,51.4991359,145
1156301632_,-0.1914979,51.4987815,145
1288802756_,-0.1918038,51.4990491,145
4192524509_,-0.1920297,51.4994354,145
6306940325_,-0.1920561,51.4994294,145
6306940326_,-0.1918821,51.4991719,145
6306940327_,-0.191672,51.4992368,145
7675771650_,-0.1917391,51.4990699,145
26389663_,-0.197577,51.4973593,174
26389665_,-0.1971299,51.4966246,174
26389666_,-0.1972157,51.4967656,174
26389669_,-0.1988151,51.496244,174
84835224_,-0.1961693,51.4960785,174
84836493_,-0.1973002,51.4969045,174
84838089_,-0.1974708,51.4960106,174
84838609_,-0.1974985,51.4972303,174
885356098_,-0.1986692,51.4969772,174
885356103_,-0.1977482,51.4976408,174
885356109_,-0.1981795,51.4972167,174
885356131_,-0.1981085,51.4970984,174
941120043_,-0.1984878,51.4976911,174
1280251807_,-0.1982947,51.497411,174
1280251810_,-0.1987649,51.4972978,174
26389698_,-0.1661316,51.5004629,11
26389699_,-0.1654303,51.5005352,11
26389701_,-0.1646657,51.5008319,11
26389705_,-0.1670581,51.5003769,11
306465662_,-0.1646027,51.5000299,11
392514202_,-0.1654371,51.4998359,11
1691189749_,-0.1669451,51.4999372,11
3068469017_,-0.1660287,51.5000275,11
5460261648_,-0.1655316,51.5013663,11
26389819_,-0.1682453,51.5006502,26
306463107_,-0.1682341,51.5008893,26
306464184_,-0.1674514,51.5013431,26
392512612_,-0.169986,51.5004894,26
392512622_,-0.1694619,51.5005369,26
392512699_,-0.1684712,51.5003284,26
392512739_,-0.1689683,51.5003984,26
392513284_,-0.1692574,51.500302,26
407098828_,-0.1700319,51.5007411,26
864960566_,-0.1687823,51.499642,26
864960601_,-0.1679744,51.5008915,26
1938018124_,-0.1699196,51.5001763,26
1938018125_,-0.1692399,51.5002386,26
6010588330_,-0.1682592,51.5005985,26
6010588340_,-0.1678623,51.5009818,26
6024047911_,-0.1699256,51.5002096,26
26592986_,-0.1645245,51.4939733,7
26592990_,-0.1644546,51.494152,7
26593001_,-0.1651805,51.4940634,7
27511130_,-0.1662453,51.4924787,7
31200014_,-0.1665069,51.4931765,7
31200015_,-0.1659561,51.4929879,7
31200018_,-0.1645584,51.4924111,7
95991141_,-0.1657992,51.4938469,7
95991143_,-0.1656228,51.4940132,7
242199531_,-0.167134,51.4933753,7
1207133025_,-0.1648062,51.4925131,7
1207133026_,-0.1648841,51.4924426,7
1207133032_,-0.1650133,51.4924991,7
1207133035_,-0.1647794,51.4923968,7
6551816708_,-0.1655328,51.492744,7
6551816711_,-0.1654799,51.4927914,7
7538985135_,-0.1651792,51.4925531,7
7815483846_,-0.1664655,51.4925649,7
7897371878_,-0.1665344,51.4925919,7
8059687648_,-0.1645342,51.4941342,7
26594439_,-0.1646402,51.491855,6
26594441_,-0.1671415,51.4913278,6
26594444_,-0.1666128,51.4916714,6
27510982_,-0.1659055,51.4906174,6
27511086_,-0.1646435,51.4909017,6
27511087_,-0.1654157,51.4913942,6
27511125_,-0.1669814,51.4919162,6
27511134_,-0.1657403,51.4922823,6
866577887_,-0.1666906,51.4910365,6
866577906_,-0.1664681,51.4911655,6
1143653942_,-0.1660195,51.4906121,6
1143653953_,-0.1667448,51.4905949,6
1208528200_,-0.1644151,51.4907428,6
1210510727_,-0.1670881,51.4912925,6
1947370022_,-0.1648707,51.4907018,6
6551816720_,-0.1652961,51.4921099,6
6551816726_,-0.1650904,51.4920316,6
6969887561_,-0.1663758,51.490595,6
6969887562_,-0.1663682,51.4908282,6
7815483843_,-0.1664209,51.4923445,6
7897371873_,-0.1664528,51.4923201,6
8080067061_,-0.1666365,51.4921797,6
8080067063_,-0.1663167,51.492029,6
8080327028_,-0.1657734,51.4922952,6
8080327101_,-0.1667374,51.4910667,6
8080327102_,-0.1663664,51.4912794,6
8321524594_,-0.1655722,51.4906446,6
8321524596_,-0.1657258,51.4908684,6
8326795768_,-0.1643606,51.4907477,6
26594442_,-0.1684959,51.4922027,21
27511218_,-0.1691599,51.4914146,21
27511220_,-0.1685345,51.4911823,21
27511221_,-0.1678063,51.4917574,21
469876303_,-0.1692338,51.4922376,21
866577953_,-0.1680157,51.4915914,21
866577993_,-0.1693115,51.4912359,21
1143599115_,-0.1687389,51.4910192,21
1143694852_,-0.167389,51.491792,21
1143694868_,-0.1674832,51.4915508,21
1210510663_,-0.1673324,51.4911386,21
8304920092_,-0.1683968,51.49171,21
26787663_,-0.1740628,51.4873442,49
27320505_,-0.1735399,51.4884719,49
27510833_,-0.1739154,51.4871052,49
27510834_,-0.1735028,51.4872366,49
27510835_,-0.1729331,51.4874181,49
27510861_,-0.175296,51.4873351,49
27510862_,-0.1750544,51.487054,49
26787771_,-0.1791068,51.4841062,77
26787772_,-0.179502,51.4844641,77
26787783_,-0.1806972,51.4834819,77
27510794_,-0.1797371,51.483858,77
866578207_,-0.1795146,51.4850892,77
892953672_,-0.1802797,51.4841114,77
1212944159_,-0.1791715,51.4846401,77
7503426158_,-0.1795765,51.4839213,77
7678644453_,-0.1807172,51.4844416,77
8201616199_,-0.1809265,51.4845928,77
8201616200_,-0.1806398,51.4847379,77
8212713670_,-0.1794376,51.4851328,77
8227167412_,-0.1789894,51.4851092,77
26787847_,-0.1834006,51.4846357,92
26787876_,-0.1826831,51.4849935,92
27125486_,-0.1842793,51.4841147,92
1235487781_,-0.182525,51.4842026,92
1235487843_,-0.1827798,51.4840852,92
1268398053_,-0.1830835,51.4847919,92
1268402869_,-0.1839758,51.4847227,92
1268402871_,-0.1836571,51.4844956,92
1277094318_,-0.1830775,51.4851616,92
8163647253_,-0.1833395,51.4851339,92
8195791342_,-0.1842083,51.4834409,92
26787849_,-0.1878778,51.4845823,122
27091458_,-0.1888252,51.4851757,122
315596117_,-0.1892103,51.4850132,122
8175735634_,-0.188672,51.4850642,122
8175735635_,-0.1885855,51.4851147,122
8180462541_,-0.1890765,51.4849267,122
26787878_,-0.1841149,51.4859021,93
27091374_,-0.1839207,51.4868226,93
27125488_,-0.1816498,51.4855629,93
892953664_,-0.1819992,51.4853682,93
1277094308_,-0.1833232,51.4854012,93
1277094311_,-0.1835433,51.4852619,93
1277094312_,-0.183715,51.4853697,93
1277094315_,-0.1834942,51.4855095,93
1277094317_,-0.1830089,51.4852024,93
8163513656_,-0.1844746,51.4853591,93
8163647252_,-0.1839199,51.4854983,93
26787881_,-0.1849408,51.4864247,108
26787882_,-0.1869713,51.4861585,108
26787883_,-0.1857059,51.4869258,108
26787998_,-0.1862643,51.4856111,108
27091413_,-0.1856023,51.4860189,108
27091414_,-0.1847777,51.4855036,108
8163513655_,-0.1847288,51.485533,108
8172694382_,-0.1872615,51.4857894,108
26787884_,-0.1876208,51.488164,124
26787886_,-0.1890886,51.488187,124
26787891_,-0.18958,51.4872803,124
26787900_,-0.1886104,51.4877256,124
26787924_,-0.1900839,51.4877759,124
27091634_,-0.1900973,51.4870556,124
5013893246_,-0.1887138,51.4878256,124
6311928212_,-0.1886722,51.4876957,124
6311928213_,-0.1885561,51.4877499,124
26787887_,-0.1864736,51.4887045,109
27091581_,-0.187301,51.4879571,109
27091584_,-0.1861791,51.4872347,109
27091602_,-0.184994,51.4873662,109
26787893_,-0.190459,51.4868906,138
1277108555_,-0.1902669,51.4866681,138
1340118021_,-0.1903594,51.4868385,138
6311925814_,-0.1905,51.4867692,138
6311925819_,-0.1903375,51.4869447,138
26788832_,-0.195101,51.4898942,155
32585899_,-0.1944075,51.4895158,155
1528999936_,-0.1935502,51.4890396,155
1528999976_,-0.1933491,51.4900911,155
2892563563_,-0.1946866,51.4893169,155
4760894881_,-0.1944515,51.4895385,155
4760894882_,-0.1942164,51.4896363,155
7767462388_,-0.1946996,51.4892738,155
7767462390_,-0.1942826,51.4889808,155
26788836_,-0.1887701,51.4918639,126
26788873_,-0.1885503,51.4916147,126
59164242_,-0.1879597,51.4909098,126
59164264_,-0.189115,51.492303,126
59164267_,-0.1888847,51.4920054,126
59164270_,-0.1895906,51.4921685,126
59164273_,-0.1894564,51.4918051,126
59164275_,-0.1896083,51.4919949,126
59164277_,-0.1897915,51.4917004,126
59164280_,-0.1899283,51.4918707,126
26788872_,-0.1906544,51.4924654,142
27322970_,-0.1902899,51.4934033,142
27481270_,-0.191127,51.4941654,142
57660417_,-0.1927665,51.4934271,142
59152897_,-0.1904647,51.4935747,142
59152900_,-0.1907073,51.4934164,142
59152901_,-0.1903193,51.4930668,142
1288714197_,-0.190584,51.4936821,142
2808877314_,-0.1908029,51.493353,142
7808666410_,-0.1908888,51.4939626,142
26788879_,-0.1954186,51.491386,156
26788885_,-0.1945968,51.4919556,156
27481284_,-0.1931964,51.4923364,156
7777760590_,-0.1956992,51.4912051,156
7777760591_,-0.1954809,51.4910852,156
7777760594_,-0.1959652,51.4907891,156
7778679863_,-0.1935903,51.4915252,156
26966492_,-0.1792814,51.4970406,84
31022083_,-0.1813645,51.4968804,84
57774606_,-0.1811532,51.4960591,84
80170877_,-0.1814739,51.49738,84
265563777_,-0.1802764,51.4973973,84
265563778_,-0.180297,51.4974817,84
807945655_,-0.179241,51.4968528,84
860183693_,-0.179452,51.4970266,84
1027237558_,-0.1804163,51.4969499,84
3960591923_,-0.1796121,51.4977644,84
27091629_,-0.1909758,51.4886178,139
27091631_,-0.1919784,51.4882127,139
27091632_,-0.1915099,51.488406,139
33141762_,-0.1928202,51.4885367,139
1277367515_,-0.1919531,51.4881907,139
1277367530_,-0.1921233,51.4883447,139
1340118025_,-0.1903888,51.4872196,139
1340118058_,-0.1902905,51.4872151,139
1528999913_,-0.1924936,51.4886596,139
3022991016_,-0.1907373,51.4870473,139
27091780_,-0.1877161,51.4824164,121
27125484_,-0.1873795,51.481678,121
27123701_,-0.1908895,51.4801213,135
721105039_,-0.192263,51.4802674,135
776943732_,-0.1919627,51.4805827,135
776943735_,-0.1920359,51.4802479,135
1126467085_,-0.1922795,51.4810162,135
1285404582_,-0.1908151,51.4807384,135
1285404592_,-0.1903378,51.4801093,135
3946099602_,-0.1921737,51.4802595,135
27320267_,-0.1684949,51.4904854,20
27320304_,-0.1697039,51.4887965,20
27510912_,-0.1688235,51.4890013,20
27510913_,-0.1680553,51.4891801,20
27510921_,-0.1683215,51.4897695,20
27510923_,-0.1672717,51.4893624,20
27510925_,-0.1675447,51.4889107,20
27510937_,-0.1677153,51.4905414,20
27511246_,-0.1698738,51.4905236,20
27511250_,-0.1697228,51.4903484,20
96070582_,-0.1674868,51.489807,20
1143504454_,-0.1688603,51.4897295,20
1143599071_,-0.1673555,51.4905544,20
1275750243_,-0.1691159,51.4889333,20
8306936917_,-0.1676483,51.4892748,20
8306936918_,-0.1677637,51.4894761,20
8308035725_,-0.1675267,51.489893,20
8308035726_,-0.167988,51.4898114,20
8308866310_,-0.1679959,51.4891939,20
8308866311_,-0.1678629,51.4889817,20
8312078520_,-0.1676755,51.4902423,20
8312078522_,-0.1673705,51.4903463,20
27320371_,-0.1705121,51.4850887,32
88753839_,-0.1721592,51.4842162,32
88760073_,-0.1726601,51.4850846,32
88762482_,-0.170329,51.4844909,32
443710240_,-0.1703991,51.4834981,32
759801335_,-0.1728105,51.4834008,32
990934452_,-0.1717612,51.484596,32
990934455_,-0.17226,51.4844389,32
990934456_,-0.1719619,51.4839014,32
1134247679_,-0.1720326,51.4838833,32
1210879393_,-0.1721783,51.484257,32
1210879419_,-0.1719147,51.4843133,32
1210881606_,-0.1704871,51.4835969,32
1210881627_,-0.1709156,51.4835081,32
1211055500_,-0.1716607,51.483511,32
3946630292_,-0.1703654,51.4844797,32
8414794805_,-0.1708379,51.4849247,32
8414794806_,-0.1713563,51.4847564,32
8416286394_,-0.1722405,51.4843974,32
8416286395_,-0.1720276,51.4844444,32
8416347720_,-0.1721189,51.4841414,32
8416347721_,-0.171896,51.484192,32
8418362284_,-0.1706158,51.4837512,32
8418362287_,-0.1702281,51.4839925,32
8418738297_,-0.1717421,51.4836091,32
8418738298_,-0.1720508,51.4835296,32
8424114674_,-0.1723147,51.484539,32
8424114675_,-0.172564,51.4844775,32
27320464_,-0.1721016,51.4881993,34
27510836_,-0.1727173,51.4874868,34
1208870189_,-0.1710724,51.4880398,34
1208870263_,-0.1709248,51.4878096,34
1208870296_,-0.1706356,51.4879109,34
1275750227_,-0.171077,51.4884168,34
1275750229_,-0.1713876,51.4883137,34
1275750240_,-0.170348,51.4886434,34
1275750242_,-0.1701929,51.4884448,34
1947370016_,-0.1705399,51.4885143,34
8268862802_,-0.1711345,51.4871101,34
8272409886_,-0.1706802,51.4879579,34
8272409887_,-0.1711733,51.4877814,34
8272409892_,-0.1708255,51.4881225,34
8272452652_,-0.1712422,51.4872296,34
8272452653_,-0.1703153,51.4875581,34
8289799228_,-0.1707375,51.4887575,34
8292498824_,-0.1704489,51.4886053,34
8292498826_,-0.1702516,51.4883829,34
9028639435_,-0.1702962,51.4870363,34
27322887_,-0.1886196,51.4943559,128
76614521_,-0.1898305,51.4952142,128
941233912_,-0.1878834,51.4941949,128
5898890850_,-0.1886299,51.4946968,128
5898890859_,-0.1891617,51.4946411,128
6206321937_,-0.1895706,51.4947361,128
7660206806_,-0.1889829,51.4950072,128
7671081664_,-0.1886393,51.494617,128
27510684_,-0.1784342,51.4801314,60
30182235_,-0.1769689,51.4810111,60
88743936_,-0.1761676,51.4815668,60
286963821_,-0.178206,51.4803328,60
443369761_,-0.1780926,51.479978,60
564744100_,-0.1780354,51.4803686,60
564744238_,-0.1776132,51.4800645,60
1271345596_,-0.1769656,51.4815765,60
3063481001_,-0.1782245,51.4802626,60
3527782551_,-0.1781762,51.4802707,60
5203362861_,-0.1784153,51.4803013,60
8111508860_,-0.1774184,51.4813612,60
8437173318_,-0.1775362,51.4812992,60
8465740163_,-0.1784175,51.4801628,60
8677303084_,-0.178231,51.4803801,60
8677303086_,-0.1784228,51.4803478,60
27510693_,-0.1856834,51.4803148,105
27510694_,-0.1850954,51.48054,105
27510699_,-0.1846324,51.4799341,105
27512719_,-0.1845137,51.480756,105
1135445380_,-0.1844973,51.4803036,105
1135445382_,-0.184587,51.480414,105
1268387216_,-0.1847036,51.4813151,105
1282068693_,-0.1846133,51.4812384,105
1282068710_,-0.1849817,51.4810644,105
8192693678_,-0.1848149,51.4814084,105
27510924_,-0.1671041,51.4890117,5
27510926_,-0.1666635,51.4890984,5
27510931_,-0.1671546,51.490559,5
27510932_,-0.1669574,51.4905665,5
27510964_,-0.1660142,51.4891338,5
27512745_,-0.1649745,51.489005,5
27512747_,-0.1644469,51.4891972,5
37882872_,-0.1653549,51.4888674,5
1276001697_,-0.1660317,51.4904398,5
1276002238_,-0.1661975,51.4894931,5
1276002274_,-0.1658951,51.4898547,5
1276039509_,-0.1666579,51.4902948,5
1277062202_,-0.1651485,51.4892608,5
3689692092_,-0.1663284,51.4903019,5
8315947602_,-0.1663304,51.4903146,5
8326912130_,-0.1645236,51.490488,5
29350098_,-0.2073366,51.4920245,216
29350100_,-0.2069177,51.4909483,216
33203828_,-0.2072042,51.4914092,216
33203829_,-0.2075782,51.4914501,216
33206349_,-0.2072811,51.4918935,216
33206563_,-0.2060836,51.4921594,216
33206587_,-0.2056383,51.4912882,216
122671181_,-0.2068479,51.4908431,216
1023871508_,-0.2053683,51.4916573,216
1138026481_,-0.2064675,51.4919603,216
1138026506_,-0.2061633,51.491979,216
1138026714_,-0.205001,51.4915716,216
1138026885_,-0.2055554,51.4916046,216
1138026937_,-0.2073656,51.4920797,216
9223567297_,-0.2066007,51.4916815,216
9223567299_,-0.2067055,51.4911634,216
9223799311_,-0.2054174,51.4922187,216
9224904743_,-0.2048138,51.4915926,216
29875073_,-0.1659593,51.4807012,0
29909368_,-0.1668453,51.4805919,0
3025100634_,-0.1661057,51.4810176,0
3926088818_,-0.1661966,51.4812197,0
3926088826_,-0.1660131,51.4810394,0
3926088844_,-0.1659953,51.4807818,0
3926088848_,-0.1661653,51.4810125,0
6434062516_,-0.1660179,51.4810505,0
29875182_,-0.1694515,51.4799088,15
29875205_,-0.1688676,51.4808195,15
3384068188_,-0.1672068,51.4803469,15
3384068189_,-0.1672536,51.4804807,15
3384068394_,-0.1675166,51.4805632,15
31022253_,-0.191728,51.5033274,148
91800310_,-0.1920538,51.5038394,148
91805824_,-0.192907,51.5033876,148
282218630_,-0.1918002,51.5034455,148
701432016_,-0.1918228,51.5034825,148
701432020_,-0.1920502,51.5034304,148
701432021_,-0.1912033,51.5035775,148
1280209951_,-0.1925162,51.504594,148
2577705172_,-0.1922079,51.5040599,148
7538491623_,-0.1925373,51.5046294,148
7538491630_,-0.1924802,51.5045328,148
10074518830_,-0.1909878,51.5031727,148
10930774965_,-0.1910144,51.5032165,148
31022258_,-0.1935023,51.5044533,163
33042563_,-0.1946781,51.5041142,163
33042564_,-0.1955589,51.5038693,163
33042567_,-0.1958609,51.5043198,163
33042568_,-0.1937829,51.5049248,163
91800515_,-0.1942222,51.5035663,163
91801409_,-0.1940809,51.5036043,163
91902576_,-0.1956209,51.5039593,163
91905092_,-0.1959617,51.5044113,163
1280207458_,-0.1953841,51.5047688,163
7505678258_,-0.1951144,51.5045339,163
32052080_,-0.1756941,51.4969953,54
7402871647_,-0.1753001,51.4977386,54
7940805201_,-0.1733622,51.4976832,54
7940805233_,-0.1739061,51.4975006,54
7940805234_,-0.1733327,51.4975558,54
8357438369_,-0.1751706,51.4977473,54
32618385_,-0.1711351,51.500093,41
32618386_,-0.1717465,51.5000341,41
387940544_,-0.1706417,51.5003846,41
407098825_,-0.1702862,51.5007227,41
407100051_,-0.1702254,51.500728,41
1108317727_,-0.1723324,51.4999751,41
32826953_,-0.1768736,51.4955227,68
300425785_,-0.1774523,51.4944288,68
300425790_,-0.1780933,51.4943782,68
300425791_,-0.1782048,51.4949296,68
300425792_,-0.1780591,51.4942034,68
2152475698_,-0.1759601,51.4944069,68
2180741853_,-0.177665,51.4954636,68
2180741854_,-0.1776487,51.4953825,68
6553962969_,-0.1768967,51.4956125,68
7972990405_,-0.1764165,51.4945166,68
33140540_,-0.1957769,51.484575,152
33140858_,-0.1945748,51.483958,152
33140910_,-0.1942203,51.483386,152
6773888326_,-0.1946749,51.4851206,152
7678653524_,-0.1945874,51.4842767,152
7678653525_,-0.1948721,51.4841973,152
7678653528_,-0.194529,51.4840946,152
7678653529_,-0.1947355,51.4840279,152
8684194411_,-0.1946569,51.4839304,152
8804514949_,-0.1940632,51.485153,152
33140584_,-0.1985338,51.4853206,168
33140758_,-0.1973695,51.4854693,168
33140759_,-0.1974902,51.4856037,168
33140760_,-0.1982609,51.4864912,168
33140922_,-0.1971603,51.4869023,168
33140923_,-0.1967962,51.4865152,168
33140924_,-0.1966426,51.4863545,168
33141485_,-0.1960525,51.4865806,168
33141547_,-0.1962744,51.4867468,168
33141616_,-0.1972059,51.4868869,168
33141695_,-0.1988493,51.4863006,168
775316025_,-0.1970571,51.486179,168
783795400_,-0.1976334,51.4867224,168
851320184_,-0.1985703,51.4858337,168
851320683_,-0.1978673,51.4866334,168
851320721_,-0.1980437,51.4865655,168
7746604922_,-0.1961982,51.4857915,168
7746604923_,-0.1961664,51.4857515,168
33140903_,-0.1957996,51.4853029,153
33141539_,-0.1958863,51.4863952,153
5585301339_,-0.1954463,51.4860189,153
6773888324_,-0.195922,51.4854483,153
7746604924_,-0.1953142,51.4858471,153
7746604925_,-0.1960184,51.486678,153
7746604929_,-0.1951305,51.4860088,153
7746604931_,-0.1953796,51.4859224,153
8508477269_,-0.1959672,51.4866234,153
33141162_,-0.2017661,51.4844079,182
33141181_,-0.2013077,51.4838337,182
1287490273_,-0.2015592,51.4850512,182
1287490276_,-0.2015322,51.4850171,182
1287490318_,-0.2013319,51.4849326,182
8326237324_,-0.2012072,51.4837045,182
8326237346_,-0.2009149,51.4839734,182
8326237348_,-0.2007698,51.4838101,182
33202580_,-0.2014963,51.4868481,183
33202779_,-0.2012735,51.486919,183
833404890_,-0.2012708,51.4861668,183
833404895_,-0.2012429,51.4865492,183
833404899_,-0.2014423,51.4860559,183
833404932_,-0.2015544,51.4865644,183
833404936_,-0.2016681,51.486507,183
833404944_,-0.2006572,51.4866115,183
851320137_,-0.2005353,51.4854726,183
851320146_,-0.2006983,51.4854339,183
851320150_,-0.2009278,51.4858564,183
1287489460_,-0.1990026,51.4855648,183
1287489464_,-0.1994504,51.4855231,183
1287489509_,-0.1999162,51.4860546,183
1287489512_,-0.1989946,51.4862655,183
1287489532_,-0.1998731,51.4859889,183
1287489534_,-0.1997674,51.4858414,183
1287490261_,-0.2017754,51.485413,183
1287490271_,-0.2016819,51.4852425,183
1287490283_,-0.2005922,51.4852415,183
1287490305_,-0.2007915,51.4856087,183
1643690739_,-0.2016251,51.4857156,183
1643690792_,-0.2017851,51.4859917,183
1924409894_,-0.2017699,51.4859653,183
8508503788_,-0.2016337,51.4867704,183
33202783_,-0.2007257,51.4874584,184
33202855_,-0.2012114,51.4877747,184
33202943_,-0.2017222,51.4882641,184
833404926_,-0.2013196,51.4882656,184
2338330446_,-0.2001434,51.4871548,184
2338330466_,-0.2004497,51.4874606,184
2338330479_,-0.2002384,51.4875467,184
2338330483_,-0.200587,51.4875957,184
2338330498_,-0.1998,51.4877346,184
2338330505_,-0.2002251,51.4877266,184
2338330517_,-0.2000163,51.487813,184
2338330521_,-0.1995488,51.4878468,184
2338330524_,-0.1996809,51.4879553,184
2338330536_,-0.1999578,51.4879988,184
2338330541_,-0.2000226,51.4880201,184
3567185640_,-0.2016604,51.4882016,184
3567185657_,-0.2017301,51.4880363,184
7612835959_,-0.2012262,51.4870167,184
7612835966_,-0.2012233,51.4873947,184
7612835967_,-0.201225,51.4871688,184
33202848_,-0.2029433,51.4891869,200
33203141_,-0.2035782,51.4890371,200
33203750_,-0.2040653,51.4901023,200
33203751_,-0.2035112,51.4902178,200
33203752_,-0.2036024,51.4903924,200
1128684004_,-0.2024925,51.4889124,200
1128684163_,-0.2029165,51.4889124,200
1270275705_,-0.2039949,51.489669,200
1270275706_,-0.2044079,51.4895785,200
1270275707_,-0.2034495,51.4901042,200
6809837967_,-0.2036989,51.4889898,200
7612835930_,-0.2039904,51.4898786,200
7612835931_,-0.2042137,51.4898587,200
7612835932_,-0.204324,51.4900562,200
33206483_,-0.2075083,51.4932587,217
33206488_,-0.2067514,51.4926061,217
33206489_,-0.2068613,51.4923808,217
33206629_,-0.2063628,51.4929293,217
33206637_,-0.2050465,51.493943,217
33206659_,-0.2053357,51.4928872,217
33206681_,-0.2056494,51.493483,217
1138026534_,-0.2073011,51.4932544,217
1138026833_,-0.2070735,51.4928452,217
1305967418_,-0.2071708,51.4928737,217
1305967437_,-0.2074899,51.4929713,217
8144738735_,-0.2069992,51.492903,217
9234422483_,-0.2062805,51.4938136,217
9234422485_,-0.2062537,51.4936044,217
9242360890_,-0.2052544,51.4937843,217
9242360892_,-0.2050635,51.4935824,217
9243847818_,-0.2067034,51.4926711,217
33206569_,-0.2043334,51.4915415,201
8508503726_,-0.2031078,51.4920151,201
33206693_,-0.2073099,51.4945404,218
721134704_,-0.205036,51.4958601,218
5670581748_,-0.2058795,51.4954217,218
37890544_,-0.1643346,51.485324,3
37890853_,-0.1646071,51.4851845,3
37892881_,-0.1650713,51.4858342,3
37892882_,-0.1653201,51.4861719,3
37892883_,-0.1653625,51.4862215,3
37892885_,-0.1659811,51.4869454,3
37893953_,-0.1646508,51.486648,3
37895701_,-0.1660707,51.4851881,3
37895706_,-0.1663618,51.4856165,3
37897686_,-0.1669976,51.4865962,3
37897879_,-0.166636,51.4860494,3
1143740383_,-0.1668956,51.4861696,3
4511521220_,-0.1671431,51.4851879,3
8401729033_,-0.1665042,51.4858421,3
8401729034_,-0.1665163,51.4858616,3
37896747_,-0.1653187,51.4838866,2
88768696_,-0.1671281,51.485166,2
866650037_,-0.1659212,51.4849633,2
866650087_,-0.1655624,51.4843519,2
2322291965_,-0.1644406,51.4836712,2
5198900138_,-0.1666614,51.4836366,2
5199118948_,-0.1667497,51.4835031,2
5199118950_,-0.1665913,51.4834737,2
8401798707_,-0.1658895,51.4849151,2
8401798708_,-0.1645925,51.4851588,2
8402722499_,-0.1644979,51.4850002,2
8402722500_,-0.1648288,51.4849194,2
8402741066_,-0.1654059,51.4850191,2
8402741067_,-0.1651855,51.4845798,2
8403985761_,-0.1667469,51.4836425,2
37898858_,-0.1686682,51.4865658,18
88769275_,-0.1694186,51.4862399,18
88769734_,-0.1690731,51.4863885,18
1143740379_,-0.1677511,51.4858725,18
1143740396_,-0.1680075,51.4861499,18
1210408924_,-0.167607,51.4855613,18
4511521221_,-0.1671597,51.4852114,18
8401318985_,-0.1684242,51.4866688,18
8401318991_,-0.1686422,51.4868637,18
8401329108_,-0.1687695,51.4869327,18
8401729005_,-0.1679821,51.4857876,18
8833091123_,-0.169112,51.486479,18
76611556_,-0.192233,51.4958924,143
76613255_,-0.1912496,51.495938,143
76623785_,-0.1921196,51.4948191,143
1783432027_,-0.1914665,51.4959262,143
1783432030_,-0.1909023,51.4959568,143
3440115628_,-0.191674,51.4953729,143
3440115629_,-0.1919334,51.4953007,143
5898890862_,-0.1904513,51.4947607,143
5898890864_,-0.1911229,51.4946972,143
5898890865_,-0.1911145,51.4947774,143
5898890866_,-0.1921106,51.4947296,143
7671081632_,-0.1921619,51.4952415,143
7715719664_,-0.1921646,51.4952662,143
7715719669_,-0.1921764,51.4953743,143
76612631_,-0.1892861,51.4960446,129
76618426_,-0.1882439,51.4973457,129
371156453_,-0.1890012,51.4974445,129
376491497_,-0.1888932,51.4970764,129
376491508_,-0.1893087,51.497287,129
376491546_,-0.1889082,51.4963719,129
377770856_,-0.1885199,51.496201,129
7656248963_,-0.1888986,51.4970969,129
78560432_,-0.1923256,51.4967221,144
371156858_,-0.193043,51.4967051,144
84836154_,-0.1989831,51.4965363,189
84841082_,-0.1991571,51.4968718,189
84844325_,-0.2013301,51.4965106,189
84844680_,-0.1993929,51.4972023,189
1377168612_,-0.2010494,51.4962208,189
7731957765_,-0.1991512,51.4968224,189
7742638282_,-0.1996713,51.4967511,189
84843925_,-0.2020403,51.4972171,204
84846353_,-0.2040812,51.4972761,204
84847548_,-0.202807,51.4968948,204
254438493_,-0.2043086,51.4975949,204
721134706_,-0.2045151,51.4961249,204
1120315855_,-0.204195,51.4969617,204
1422942209_,-0.204414,51.4969875,204
1422942217_,-0.2040479,51.4966536,204
1422942240_,-0.2036744,51.4964207,204
2430112579_,-0.2035522,51.4975008,204
5675599731_,-0.2041941,51.4970822,204
5675599735_,-0.2039268,51.4966952,204
7432949008_,-0.2038921,51.4977423,204
7432949085_,-0.2043794,51.4973721,204
7742753548_,-0.2024759,51.4976519,204
7742753549_,-0.2024015,51.4976791,204
7745971438_,-0.2032671,51.4971988,204
7745971440_,-0.2029457,51.4972523,204
7746290970_,-0.2044745,51.4966227,204
7746316922_,-0.2032168,51.4960214,204
7746316924_,-0.2036413,51.4960587,204
8193878415_,-0.204653,51.4971222,204
8193885222_,-0.2044759,51.4971118,204
8193885224_,-0.204545,51.4971683,204
88757328_,-0.1678116,51.4834025,17
88769735_,-0.1677719,51.4850041,17
443710241_,-0.1696296,51.4837362,17
1210408934_,-0.167289,51.4851488,17
1210483504_,-0.1686586,51.4846059,17
1600976544_,-0.1688822,51.484922,17
3328923842_,-0.1675267,51.4837941,17
3816952030_,-0.1682712,51.4849004,17
5198842663_,-0.1683692,51.4848738,17
5198842672_,-0.1681839,51.4848807,17
5198842673_,-0.1682453,51.4848619,17
5198842674_,-0.1683377,51.4848358,17
5198842675_,-0.1685095,51.4851555,17
5198842676_,-0.1681815,51.4846972,17
5198900139_,-0.1673313,51.4834923,17
7335028440_,-0.1679353,51.4834093,17
8401365296_,-0.1684781,51.4850356,17
8401365297_,-0.1683908,51.4850601,17
8403985775_,-0.1673866,51.4835913,17
8408626362_,-0.1680372,51.4845091,17
8408626363_,-0.1684658,51.4843907,17
88762320_,-0.1692899,51.4832989,16
286963671_,-0.1679097,51.4833169,16
7988864066_,-0.1692227,51.4833093,16
7988864070_,-0.1691703,51.4832279,16
90450752_,-0.1895579,51.5039626,133
3054882685_,-0.1883208,51.5041396,133
102962468_,-0.1648798,51.5060177,14
7985652887_,-0.1648845,51.5060761,14
108339800_,-0.2007167,51.5041623,193
941091216_,-0.1991665,51.5044,193
941091225_,-0.1994767,51.5040873,193
7449296886_,-0.2008193,51.5032055,193
207558911_,-0.1718322,51.5037684,43
1504544855_,-0.1726566,51.5046738,43
1504544858_,-0.1728611,51.5047072,43
1504544860_,-0.1726447,51.504906,43
255469345_,-0.2027783,51.5006915,206
941091018_,-0.2044105,51.4996921,206
266821712_,-0.2024468,51.483795,197
312670772_,-0.2042921,51.4846151,197
776736195_,-0.2043745,51.4838344,197
776736220_,-0.2039415,51.4839956,197
776736238_,-0.2039734,51.4838992,197
776736295_,-0.2039652,51.4842816,197
778647972_,-0.2029071,51.4836247,197
778647976_,-0.2024214,51.4837696,197
995867183_,-0.2020831,51.4834242,197
995867860_,-0.2032816,51.4850279,197
995867873_,-0.2030259,51.4848217,197
996556248_,-0.2022967,51.4850982,197
996556254_,-0.2018926,51.4851758,197
1115938085_,-0.2042175,51.4841688,197
1115938135_,-0.2040455,51.4843523,197
1134273270_,-0.2023648,51.4837556,197
1134273273_,-0.2020018,51.4838229,197
1134273274_,-0.2019114,51.4834986,197
1134273276_,-0.2021507,51.4837682,197
1134273302_,-0.2019995,51.4836004,197
1134273306_,-0.2019603,51.4839031,197
2730657065_,-0.2028747,51.4849501,197
2730657067_,-0.2023453,51.4851576,197
2964330284_,-0.2045541,51.4845393,197
5196763780_,-0.2042217,51.4845407,197
5196763781_,-0.2043467,51.484598,197
5196763785_,-0.2045118,51.4844822,197
5196763792_,-0.2045887,51.4845919,197
666087501_,-0.204898,51.5015206,222
954141652_,-0.2050928,51.501813,222
7416302958_,-0.2060867,51.5015155,222
7425033515_,-0.2053888,51.5017693,222
666161080_,-0.1996675,51.5055509,194
1011806990_,-0.1990046,51.5063514,194
721105035_,-0.1935599,51.4801823,150
721105037_,-0.1933641,51.4802062,150
1286245879_,-0.1955111,51.4797935,150
3946099607_,-0.193803,51.4806135,150
3946099610_,-0.1936057,51.480681,150
4210765393_,-0.1956251,51.4800097,150
7851393613_,-0.1947914,51.4811122,150
721105069_,-0.1889551,51.4804488,120
4210764785_,-0.1893072,51.4801705,120
4210764786_,-0.1893424,51.4802889,120
4210764787_,-0.1899514,51.4798052,120
7995737677_,-0.1894601,51.4809849,120
851320697_,-0.1985072,51.487013,169
7626557549_,-0.1977213,51.4873438,169
882800144_,-0.2034353,51.4952954,203
1377168610_,-0.2026854,51.495574,203
7746316915_,-0.2031118,51.4954421,203
7746316925_,-0.203021,51.4958505,203
7746316927_,-0.2030692,51.4955769,203
7748179118_,-0.2018809,51.4944372,203
919741073_,-0.2034808,51.5014646,207
919741089_,-0.2031947,51.5016629,207
1106651385_,-0.1703638,51.4965222,39
1106651553_,-0.1702463,51.4963635,39
3818359076_,-0.1715515,51.4960343,39
7944086661_,-0.170158,51.4966334,39
8089988848_,-0.1711524,51.4960002,39
1122666475_,-0.1737474,51.5037999,58
3777117701_,-0.1743524,51.5036738,58
4197266886_,-0.1742694,51.5036502,58
6774063503_,-0.1735096,51.5047926,58
6774063504_,-0.1735638,51.5048071,58
7838248308_,-0.1741044,51.5038655,58
1272830537_,-0.1708688,51.4803769,30
3474939813_,-0.1714122,51.480027,30
1737433669_,-0.1711143,51.5065995,44
1737433672_,-0.1712674,51.5065646,44
1737436874_,-0.1711847,51.5066834,44
5265720193_,-0.1712699,51.5066795,44
5460289514_,-0.1711344,51.5066083,44
5460289517_,-0.1712776,51.5065715,44
9814249427_,-0.1728301,51.5050241,44
3679100867_,-0.1855546,51.5049834,119
3679100891_,-0.1853692,51.505014,119
6705384912_,-0.1784054,51.4969094,69
6705384913_,-0.1784702,51.497266,69
7933754377_,-0.1786243,51.497503,69
6721694968_,-0.1917253,51.4823445,136
6721694974_,-0.1915842,51.4824134,136
8154123710_,-0.1828204,51.490453,95
